dateTime,c02,temperature,humidity
2020-08-22 09:03:40.680750,423,27,52
2020-08-22 09:03:50.707706,422,27,51
2020-08-22 09:04:00.750059,422,27,52
2020-08-22 09:04:10.776771,421,27,52
2020-08-22 09:04:20.819018,420,27,52
2020-08-22 09:04:30.846051,419,27,52
2020-08-22 09:04:40.873051,418,27,52
2020-08-22 09:04:50.915476,418,27,52
2020-08-22 09:05:00.942485,417,27,52
2020-08-22 09:05:10.984933,416,27,52
2020-08-22 09:05:21.011906,416,27,52
2020-08-22 09:05:31.038976,416,27,52
2020-08-22 09:05:41.081478,416,27,52
2020-08-22 09:05:51.108471,417,27,52
2020-08-22 09:06:01.150840,417,27,52
2020-08-22 09:06:11.177454,418,27,52
2020-08-22 09:06:21.220284,417,27,52
2020-08-22 09:06:31.262577,417,27,52
2020-08-22 09:06:41.289531,417,27,52
2020-08-22 09:06:51.331963,416,27,52
2020-08-22 09:07:01.358997,414,27,52
2020-08-22 09:07:11.386004,414,27,52
2020-08-22 09:07:21.428387,412,27,52
2020-08-22 09:07:31.455388,412,27,52
2020-08-22 09:07:41.498299,411,27,52
2020-08-22 09:07:51.540608,409,27,53
2020-08-22 09:08:01.567563,409,27,52
2020-08-22 09:08:11.609947,409,27,52
2020-08-22 09:08:21.652632,409,27,52
2020-08-22 09:08:31.695047,409,27,52
2020-08-22 09:08:41.722060,409,27,52
2020-08-22 09:08:51.749063,410,27,52
2020-08-22 09:09:01.807365,410,27,53
2020-08-22 09:09:11.834414,410,27,53
2020-08-22 09:09:21.861295,412,27,53
2020-08-22 09:09:31.903889,413,27,53
2020-08-22 09:09:41.946713,413,27,53
2020-08-22 09:09:51.989271,414,27,52
2020-08-22 09:10:02.016178,414,27,52
2020-08-22 09:10:12.058692,414,27,53
2020-08-22 09:10:22.101414,414,27,53
2020-08-22 09:10:32.143850,415,27,53
2020-08-22 09:10:42.186805,414,27,52
2020-08-22 09:10:52.229714,414,27,52
2020-08-22 09:11:02.272614,412,27,53
2020-08-22 09:11:12.330908,411,27,53
2020-08-22 09:11:22.357956,411,27,53
2020-08-22 09:11:32.400830,412,27,52
2020-08-22 09:11:42.443777,411,27,53
2020-08-22 09:11:52.502258,411,27,53
2020-08-22 09:12:02.545387,411,27,53
2020-08-22 09:12:12.587988,412,27,52
2020-08-22 09:12:22.630868,412,27,52
2020-08-22 09:12:32.673834,412,27,52
2020-08-22 09:12:42.716792,412,27,52
2020-08-22 09:12:52.775250,412,27,52
2020-08-22 09:13:02.818268,412,27,52
2020-08-22 09:13:12.861307,412,27,53
2020-08-22 09:13:22.904260,412,27,53
2020-08-22 09:13:32.947212,412,27,53
2020-08-22 09:13:42.990189,412,27,53
2020-08-22 09:13:53.048503,412,27,53
2020-08-22 09:14:03.091375,412,27,52
2020-08-22 09:14:13.134020,413,27,52
2020-08-22 09:14:23.176964,413,27,52
2020-08-22 09:14:33.219834,413,27,52
2020-08-22 09:14:43.262743,413,27,52
2020-08-22 09:14:53.305492,412,27,52
2020-08-22 09:15:03.348264,413,27,52
2020-08-22 09:15:13.391192,413,27,52
2020-08-22 09:15:23.433876,413,27,52
2020-08-22 09:15:33.476756,414,27,53
2020-08-22 09:15:43.519817,413,27,53
2020-08-22 09:15:53.562652,412,27,52
2020-08-22 09:16:03.605427,411,27,53
2020-08-22 09:16:13.647976,411,27,52
2020-08-22 09:16:23.690851,410,27,53
2020-08-22 09:16:33.733597,410,27,52
2020-08-22 09:16:43.776349,410,27,52
2020-08-22 09:16:53.819158,410,27,52
2020-08-22 09:17:03.861898,410,27,52
2020-08-22 09:17:13.904838,411,27,52
2020-08-22 09:17:23.947535,411,27,52
2020-08-22 09:17:33.990529,412,27,52
2020-08-22 09:17:44.033379,411,27,52
2020-08-22 09:17:54.076291,411,27,52
2020-08-22 09:18:04.119011,412,27,52
2020-08-22 09:18:14.161630,411,27,52
2020-08-22 09:18:24.204480,411,27,52
2020-08-22 09:18:34.247282,410,27,52
2020-08-22 09:18:44.290002,410,27,52
2020-08-22 09:18:54.332816,410,27,52
2020-08-22 09:19:04.375663,410,27,52
2020-08-22 09:19:14.418687,411,27,52
2020-08-22 09:19:24.461348,411,27,52
2020-08-22 09:19:34.519723,411,27,52
2020-08-22 09:19:44.562498,411,27,52
2020-08-22 09:19:54.605379,411,27,52
2020-08-22 09:20:04.648056,411,27,52
2020-08-22 09:20:14.690697,410,27,52
2020-08-22 09:20:24.733823,411,27,52
2020-08-22 09:20:34.776723,410,27,52
2020-08-22 09:20:44.819450,411,27,52
2020-08-22 09:20:54.862385,410,27,52
2020-08-22 09:21:04.905154,411,27,52
2020-08-22 09:21:14.963484,410,27,52
2020-08-22 09:21:25.006262,410,27,52
2020-08-22 09:21:35.049093,410,27,52
2020-08-22 09:21:45.092128,410,27,52
2020-08-22 09:21:55.134984,410,27,52
2020-08-22 09:22:05.177742,409,27,52
2020-08-22 09:22:15.220459,410,27,52
2020-08-22 09:22:25.263412,410,27,52
2020-08-22 09:22:35.306497,411,27,52
2020-08-22 09:22:45.349158,411,27,52
2020-08-22 09:22:55.392035,411,27,52
2020-08-22 09:23:05.434765,411,27,52
2020-08-22 09:23:15.477518,411,27,52
2020-08-22 09:23:25.520264,410,27,52
2020-08-22 09:23:35.563136,410,27,52
2020-08-22 09:23:45.605988,409,27,52
2020-08-22 09:23:55.648768,408,27,52
2020-08-22 09:24:05.691461,409,27,52
2020-08-22 09:24:15.734253,409,27,52
2020-08-22 09:24:25.776985,408,27,52
2020-08-22 09:24:35.819796,408,27,52
2020-08-22 09:24:45.862509,407,27,52
2020-08-22 09:24:55.905448,407,27,52
2020-08-22 09:25:05.948145,407,27,52
2020-08-22 09:25:15.990980,407,27,53
2020-08-22 09:25:26.033773,407,27,52
2020-08-22 09:25:36.076674,407,27,52
2020-08-22 09:25:46.119456,407,27,52
2020-08-22 09:25:56.177778,406,27,52
2020-08-22 09:26:06.220949,406,27,52
2020-08-22 09:26:16.263660,405,27,52
2020-08-22 09:26:26.321906,406,27,52
2020-08-22 09:26:36.364908,406,27,52
2020-08-22 09:26:46.407833,406,27,52
2020-08-22 09:26:56.466192,406,27,52
2020-08-22 09:27:06.508990,406,27,52
2020-08-22 09:27:16.551817,405,27,52
2020-08-22 09:27:26.594867,405,27,52
2020-08-22 09:27:36.637304,406,27,52
2020-08-22 09:27:46.680180,406,27,52
2020-08-22 09:27:56.707093,406,27,52
2020-08-22 09:28:06.765465,406,27,52
2020-08-22 09:28:16.808414,409,27,52
2020-08-22 09:28:26.851351,410,27,52
2020-08-22 09:28:36.893835,409,27,52
2020-08-22 09:28:46.936933,408,27,52
2020-08-22 09:28:56.995571,407,27,52
2020-08-22 09:29:07.038427,407,27,52
2020-08-22 09:29:17.080712,408,27,52
2020-08-22 09:29:27.107675,408,27,52
2020-08-22 09:29:37.134780,408,27,52
2020-08-22 09:29:47.193017,408,27,52
2020-08-22 09:29:57.220000,408,27,52
2020-08-22 09:30:07.246795,408,27,52
2020-08-22 09:30:17.289258,408,27,52
2020-08-22 09:30:27.332037,408,27,53
2020-08-22 09:30:37.359041,408,27,52
2020-08-22 09:30:47.385942,407,27,52
2020-08-22 09:30:57.428358,407,27,52
2020-08-22 09:31:07.471134,407,27,52
2020-08-22 09:31:17.498139,407,27,52
2020-08-22 09:31:27.540496,406,27,52
2020-08-22 09:31:37.567570,405,27,52
2020-08-22 09:31:47.610421,407,27,52
2020-08-22 09:31:57.652696,407,27,52
2020-08-22 09:32:07.679568,406,27,52
2020-08-22 09:32:17.722183,405,27,52
2020-08-22 09:32:27.764938,406,27,52
2020-08-22 09:32:37.792030,406,27,52
2020-08-22 09:32:47.834348,406,27,53
2020-08-22 09:32:57.861366,406,27,52
2020-08-22 09:33:07.904245,407,27,52
2020-08-22 09:33:17.946694,408,27,52
2020-08-22 09:33:27.973660,407,27,52
2020-08-22 09:33:38.000603,409,27,52
2020-08-22 09:33:48.043483,411,27,52
2020-08-22 09:33:58.085865,411,27,52
2020-08-22 09:34:08.128847,412,27,52
2020-08-22 09:34:18.171626,412,27,52
2020-08-22 09:34:28.229795,412,27,52
2020-08-22 09:34:38.256824,414,27,52
2020-08-22 09:34:48.299861,414,27,52
2020-08-22 09:34:58.342270,413,27,52
2020-08-22 09:35:08.385146,412,27,52
2020-08-22 09:35:18.412125,412,27,52
2020-08-22 09:35:28.454536,412,27,52
2020-08-22 09:35:38.497546,412,27,52
2020-08-22 09:35:48.540410,413,27,52
2020-08-22 09:35:58.598972,413,27,52
2020-08-22 09:36:08.641852,412,27,52
2020-08-22 09:36:18.684278,411,27,52
2020-08-22 09:36:28.727085,411,27,52
2020-08-22 09:36:38.769979,411,27,52
2020-08-22 09:36:48.813113,410,27,52
2020-08-22 09:36:58.855956,410,27,52
2020-08-22 09:37:08.914286,409,27,52
2020-08-22 09:37:18.957252,410,27,52
2020-08-22 09:37:29.000044,410,27,52
2020-08-22 09:37:39.027005,409,27,52
2020-08-22 09:37:49.069989,409,27,52
2020-08-22 09:37:59.128404,410,27,52
2020-08-22 09:38:09.171090,410,27,52
2020-08-22 09:38:19.213857,410,27,52
2020-08-22 09:38:29.256655,411,27,52
2020-08-22 09:38:39.299529,411,27,53
2020-08-22 09:38:49.342439,411,27,52
2020-08-22 09:38:59.385156,410,27,52
2020-08-22 09:39:09.427988,410,27,52
2020-08-22 09:39:19.486302,410,27,52
2020-08-22 09:39:29.513508,410,27,52
2020-08-22 09:39:39.556270,410,27,52
2020-08-22 09:39:49.599016,410,27,52
2020-08-22 09:39:59.641852,411,27,52
2020-08-22 09:40:09.684317,411,27,52
2020-08-22 09:40:19.726968,410,27,52
2020-08-22 09:40:29.769713,411,27,52
2020-08-22 09:40:39.812424,410,27,52
2020-08-22 09:40:49.855098,410,27,52
2020-08-22 09:40:59.897934,410,27,52
2020-08-22 09:41:09.940750,411,27,53
2020-08-22 09:41:19.983616,410,27,52
2020-08-22 09:41:30.026258,409,27,52
2020-08-22 09:41:40.068883,409,27,52
2020-08-22 09:41:50.096134,409,27,52
2020-08-22 09:42:00.138824,409,27,53
2020-08-22 09:42:10.181165,410,27,52
2020-08-22 09:42:20.223893,410,27,52
2020-08-22 09:42:30.266505,411,27,52
2020-08-22 09:42:40.309245,410,27,52
2020-08-22 09:42:50.351993,410,27,52
2020-08-22 09:43:00.379293,410,27,52
2020-08-22 09:43:10.422029,410,27,52
2020-08-22 09:43:20.464736,410,27,52
2020-08-22 09:43:30.507478,410,27,52
2020-08-22 09:43:40.550313,410,27,52
2020-08-22 09:43:50.593040,410,27,52
2020-08-22 09:44:00.635709,409,27,53
2020-08-22 09:44:10.678220,409,27,52
2020-08-22 09:44:20.720878,408,27,53
2020-08-22 09:44:30.763532,408,27,53
2020-08-22 09:44:40.790730,409,27,52
2020-08-22 09:44:50.833365,407,27,52
2020-08-22 09:45:00.876052,407,27,53
2020-08-22 09:45:10.918655,407,27,53
2020-08-22 09:45:20.961143,407,27,52
2020-08-22 09:45:31.003908,407,27,53
2020-08-22 09:45:41.031074,406,27,53
2020-08-22 09:45:51.073684,407,27,53
2020-08-22 09:46:01.116330,407,27,53
2020-08-22 09:46:11.158646,407,27,52
2020-08-22 09:46:21.201309,408,27,53
2020-08-22 09:46:31.228553,408,27,53
2020-08-22 09:46:41.271141,407,27,52
2020-08-22 09:46:51.313846,408,27,52
2020-08-22 09:47:01.356479,409,27,53
2020-08-22 09:47:11.399285,409,27,53
2020-08-22 09:47:21.441775,409,27,53
2020-08-22 09:47:31.484502,408,27,52
2020-08-22 09:47:41.527275,408,27,52
2020-08-22 09:47:51.570006,408,27,53
2020-08-22 09:48:01.597304,409,27,52
2020-08-22 09:48:11.639741,409,27,52
2020-08-22 09:48:21.682348,409,27,53
2020-08-22 09:48:31.725065,408,27,52
2020-08-22 09:48:41.767830,408,27,53
2020-08-22 09:48:51.810472,408,27,53
2020-08-22 09:49:01.853300,408,27,52
2020-08-22 09:49:11.896097,407,27,53
2020-08-22 09:49:21.938770,411,27,53
2020-08-22 09:49:31.981456,412,27,53
2020-08-22 09:49:42.024197,415,27,53
2020-08-22 09:49:52.066950,416,27,53
2020-08-22 09:50:02.109737,416,27,52
2020-08-22 09:50:12.152212,412,27,52
2020-08-22 09:50:22.195119,415,27,53
2020-08-22 09:50:32.237729,415,27,52
2020-08-22 09:50:42.264934,412,27,53
2020-08-22 09:50:52.307633,411,27,52
2020-08-22 09:51:02.366015,410,27,52
2020-08-22 09:51:12.408784,411,27,52
2020-08-22 09:51:22.451472,411,27,52
2020-08-22 09:51:32.494306,411,27,53
2020-08-22 09:51:42.537071,411,27,53
2020-08-22 09:51:52.579895,411,27,53
2020-08-22 09:52:02.622572,410,27,53
2020-08-22 09:52:12.649640,411,27,53
2020-08-22 09:52:22.692286,411,27,53
2020-08-22 09:52:32.735144,412,27,52
2020-08-22 09:52:42.777748,412,27,52
2020-08-22 09:52:52.820525,412,27,53
2020-08-22 09:53:02.863179,411,27,53
2020-08-22 09:53:12.905980,412,27,53
2020-08-22 09:53:22.948692,411,27,53
2020-08-22 09:53:32.991322,412,27,53
2020-08-22 09:53:43.034078,411,27,53
2020-08-22 09:53:53.076977,412,27,52
2020-08-22 09:54:03.119676,411,27,52
2020-08-22 09:54:13.162267,411,27,53
2020-08-22 09:54:23.204840,410,27,52
2020-08-22 09:54:33.247529,411,27,52
2020-08-22 09:54:43.290204,410,27,52
2020-08-22 09:54:53.332983,410,27,52
2020-08-22 09:55:03.375774,410,27,52
2020-08-22 09:55:13.418584,410,27,52
2020-08-22 09:55:23.461264,410,27,53
2020-08-22 09:55:33.504031,410,27,53
2020-08-22 09:55:43.546649,410,27,53
2020-08-22 09:55:53.589480,409,27,53
2020-08-22 09:56:03.632277,408,27,52
2020-08-22 09:56:13.674808,408,27,53
2020-08-22 09:56:23.717546,408,27,52
2020-08-22 09:56:33.760330,408,27,52
2020-08-22 09:56:43.802954,408,27,53
2020-08-22 09:56:53.845853,408,27,53
2020-08-22 09:57:03.888743,407,27,52
2020-08-22 09:57:13.931529,407,27,53
2020-08-22 09:57:23.974197,407,27,52
2020-08-22 09:57:34.016942,407,27,52
2020-08-22 09:57:44.059772,407,27,53
2020-08-22 09:57:54.102606,407,27,52
2020-08-22 09:58:04.145178,406,27,53
2020-08-22 09:58:14.187778,406,27,53
2020-08-22 09:58:24.230445,405,27,53
2020-08-22 09:58:34.273144,405,27,53
2020-08-22 09:58:44.315855,406,27,53
2020-08-22 09:58:54.358618,405,27,52
2020-08-22 09:59:04.401428,406,27,53
2020-08-22 09:59:14.459652,405,27,53
2020-08-22 09:59:24.502469,406,27,53
2020-08-22 09:59:34.545274,406,27,53
2020-08-22 09:59:44.587937,407,27,53
2020-08-22 09:59:54.615278,407,27,53
2020-08-22 10:00:04.658167,407,27,53
2020-08-22 10:00:14.716190,407,27,53
2020-08-22 10:00:24.758864,407,27,53
2020-08-22 10:00:34.801799,407,27,53
2020-08-22 10:00:44.844775,406,27,53
2020-08-22 10:00:54.887665,407,27,53
2020-08-22 10:01:04.930477,407,27,53
2020-08-22 10:01:14.988697,407,27,53
2020-08-22 10:01:25.031445,407,27,53
2020-08-22 10:01:35.074301,408,27,53
2020-08-22 10:01:45.117107,408,27,53
2020-08-22 10:01:55.160038,408,27,53
2020-08-22 10:02:05.202684,409,27,53
2020-08-22 10:02:15.245485,409,27,53
2020-08-22 10:02:25.288204,408,27,53
2020-08-22 10:02:35.330948,408,27,53
2020-08-22 10:02:45.373733,408,27,53
2020-08-22 10:02:55.416693,409,27,53
2020-08-22 10:03:05.459307,409,27,53
2020-08-22 10:03:15.502073,409,27,53
2020-08-22 10:03:25.560436,409,27,53
2020-08-22 10:03:35.603345,409,27,53
2020-08-22 10:03:45.646248,410,27,53
2020-08-22 10:03:55.689022,410,27,53
2020-08-22 10:04:05.731711,410,27,53
2020-08-22 10:04:15.774478,412,27,53
2020-08-22 10:04:25.816994,413,27,53
2020-08-22 10:04:35.859739,413,27,53
2020-08-22 10:04:45.902521,414,27,53
2020-08-22 10:04:55.945283,414,27,53
2020-08-22 10:05:05.987896,414,27,53
2020-08-22 10:05:16.030708,414,27,53
2020-08-22 10:05:26.073480,413,27,53
2020-08-22 10:05:36.116215,412,27,54
2020-08-22 10:05:46.158875,412,27,53
2020-08-22 10:05:56.201635,412,27,54
2020-08-22 10:06:06.244358,411,27,54
2020-08-22 10:06:16.286928,410,27,54
2020-08-22 10:06:26.329501,409,27,54
2020-08-22 10:06:36.372320,409,27,54
2020-08-22 10:06:46.415099,408,27,54
2020-08-22 10:06:56.457762,409,27,54
2020-08-22 10:07:06.500511,409,27,54
2020-08-22 10:07:16.543358,409,27,54
2020-08-22 10:07:26.586177,408,27,54
2020-08-22 10:07:36.628947,408,27,54
2020-08-22 10:07:46.671606,408,27,54
2020-08-22 10:07:56.714474,407,27,54
2020-08-22 10:08:06.757026,407,27,54
2020-08-22 10:08:16.799741,408,27,54
2020-08-22 10:08:26.842430,408,27,54
2020-08-22 10:08:36.885326,409,27,54
2020-08-22 10:08:46.943753,409,27,54
2020-08-22 10:08:56.986601,408,27,54
2020-08-22 10:09:07.029327,409,27,54
2020-08-22 10:09:17.072342,410,27,54
2020-08-22 10:09:27.115005,409,27,54
2020-08-22 10:09:37.157842,408,27,54
2020-08-22 10:09:47.216280,408,27,54
2020-08-22 10:09:57.259219,409,27,54
2020-08-22 10:10:07.302421,409,27,54
2020-08-22 10:10:17.360323,409,27,54
2020-08-22 10:10:27.387312,410,27,54
2020-08-22 10:10:37.445755,409,27,54
2020-08-22 10:10:47.488576,411,27,54
2020-08-22 10:10:57.531492,412,27,54
2020-08-22 10:11:07.574541,410,27,54
2020-08-22 10:11:17.632858,410,27,54
2020-08-22 10:11:27.675684,409,27,54
2020-08-22 10:11:37.718652,409,27,54
2020-08-22 10:11:47.761581,410,27,54
2020-08-22 10:11:57.819916,410,27,54
2020-08-22 10:12:07.862579,409,27,54
2020-08-22 10:12:17.905335,409,27,54
2020-08-22 10:12:27.948095,408,27,55
2020-08-22 10:12:37.991061,408,27,54
2020-08-22 10:12:48.033885,408,27,54
2020-08-22 10:12:58.076678,408,27,54
2020-08-22 10:13:08.134948,409,27,54
2020-08-22 10:13:18.177805,410,27,54
2020-08-22 10:13:28.220669,410,27,54
2020-08-22 10:13:38.263482,411,27,54
2020-08-22 10:13:48.306431,410,27,54
2020-08-22 10:13:58.364704,410,27,54
2020-08-22 10:14:08.407323,410,27,54
2020-08-22 10:14:18.450386,409,27,54
2020-08-22 10:14:28.493263,408,27,54
2020-08-22 10:14:38.535693,408,27,54
2020-08-22 10:14:48.578555,408,27,54
2020-08-22 10:14:58.621533,408,27,54
2020-08-22 10:15:08.663920,407,27,54
2020-08-22 10:15:18.707055,407,27,55
2020-08-22 10:15:28.749798,407,27,54
2020-08-22 10:15:38.808336,407,27,55
2020-08-22 10:15:48.835346,407,27,54
2020-08-22 10:15:58.877740,407,27,55
2020-08-22 10:16:08.920331,407,27,55
2020-08-22 10:16:18.947198,407,27,55
2020-08-22 10:16:28.990169,407,27,55
2020-08-22 10:16:39.032551,407,27,55
2020-08-22 10:16:49.075287,407,27,55
2020-08-22 10:16:59.118293,406,27,55
2020-08-22 10:17:09.145189,405,27,55
2020-08-22 10:17:19.187536,405,27,54
2020-08-22 10:17:29.230408,405,27,54
2020-08-22 10:17:39.257451,407,27,54
2020-08-22 10:17:49.299855,406,27,54
2020-08-22 10:17:59.326803,407,27,55
2020-08-22 10:18:09.369585,405,27,55
2020-08-22 10:18:19.411946,405,27,55
2020-08-22 10:18:29.438940,405,27,54
2020-08-22 10:18:39.481324,405,27,54
2020-08-22 10:18:49.524121,406,27,54
2020-08-22 10:18:59.551252,405,27,55
2020-08-22 10:19:09.593577,405,27,55
2020-08-22 10:19:19.620535,405,27,55
2020-08-22 10:19:29.663275,405,27,55
2020-08-22 10:19:39.690304,405,27,55
2020-08-22 10:19:49.732566,405,27,55
2020-08-22 10:19:59.775518,405,26,55
2020-08-22 10:20:09.818074,404,27,55
2020-08-22 10:20:19.860931,405,27,55
2020-08-22 10:20:29.903668,406,26,55
2020-08-22 10:20:39.946670,406,27,55
2020-08-22 10:20:49.989198,406,27,55
2020-08-22 10:21:00.032134,406,27,55
2020-08-22 10:21:10.075018,406,26,55
2020-08-22 10:21:20.133350,407,26,55
2020-08-22 10:21:30.160740,409,26,55
2020-08-22 10:21:40.218827,409,26,55
2020-08-22 10:21:50.261884,411,26,55
2020-08-22 10:22:00.288867,411,26,55
2020-08-22 10:22:10.331392,411,26,55
2020-08-22 10:22:20.389728,412,26,55
2020-08-22 10:22:30.432488,412,26,55
2020-08-22 10:22:40.459586,412,26,55
2020-08-22 10:22:50.501813,412,26,55
2020-08-22 10:23:00.528902,412,26,55
2020-08-22 10:23:10.555945,412,26,55
2020-08-22 10:23:20.598137,411,27,55
2020-08-22 10:23:30.625240,411,26,55
2020-08-22 10:23:40.683623,409,26,55
2020-08-22 10:23:50.726890,409,26,55
2020-08-22 10:24:00.768911,408,27,55
2020-08-22 10:24:10.811897,408,26,55
2020-08-22 10:24:20.855045,408,26,55
2020-08-22 10:24:30.897247,408,26,55
2020-08-22 10:24:40.924409,407,26,54
2020-08-22 10:24:50.966524,406,26,55
2020-08-22 10:25:00.993640,406,27,55
2020-08-22 10:25:11.036767,406,26,55
2020-08-22 10:25:21.095126,405,27,55
2020-08-22 10:25:31.122150,406,26,55
2020-08-22 10:25:41.180150,406,26,55
2020-08-22 10:25:51.207327,405,26,55
2020-08-22 10:26:01.250623,406,26,55
2020-08-22 10:26:11.292717,404,26,55
2020-08-22 10:26:21.351080,404,26,55
2020-08-22 10:26:31.394275,404,26,55
2020-08-22 10:26:41.436509,403,26,55
2020-08-22 10:26:51.479443,403,26,55
2020-08-22 10:27:01.522341,404,26,55
2020-08-22 10:27:11.565157,405,26,55
2020-08-22 10:27:21.607596,404,26,55
2020-08-22 10:27:31.634642,404,26,55
2020-08-22 10:27:41.677381,404,26,55
2020-08-22 10:27:51.736067,404,26,55
2020-08-22 10:28:01.794596,403,26,55
2020-08-22 10:28:11.837357,403,26,55
2020-08-22 10:28:21.880032,403,26,55
2020-08-22 10:28:31.922428,402,26,55
2020-08-22 10:28:41.949352,403,26,55
2020-08-22 10:28:51.976270,402,26,55
2020-08-22 10:29:02.019179,402,26,55
2020-08-22 10:29:12.061531,401,26,55
2020-08-22 10:29:22.088489,401,26,55
2020-08-22 10:29:32.130943,401,26,55
2020-08-22 10:29:42.173787,400,26,55
2020-08-22 10:29:52.200820,401,26,55
2020-08-22 10:30:02.243315,402,26,55
2020-08-22 10:30:12.286205,402,26,55
2020-08-22 10:30:22.329227,402,26,55
2020-08-22 10:30:32.371575,401,26,55
2020-08-22 10:30:42.398610,402,26,55
2020-08-22 10:30:52.440929,402,26,55
2020-08-22 10:31:02.484060,404,26,55
2020-08-22 10:31:12.526555,403,26,55
2020-08-22 10:31:22.553587,403,26,55
2020-08-22 10:31:32.596079,404,26,55
2020-08-22 10:31:42.638932,407,26,55
2020-08-22 10:31:52.665951,408,26,55
2020-08-22 10:32:02.708394,410,26,55
2020-08-22 10:32:12.751226,412,26,55
2020-08-22 10:32:22.793909,410,26,55
2020-08-22 10:32:32.836296,410,26,55
2020-08-22 10:32:42.879152,410,26,55
2020-08-22 10:32:52.906065,409,26,55
2020-08-22 10:33:02.948480,408,26,55
2020-08-22 10:33:12.975573,405,26,55
2020-08-22 10:33:23.017961,407,26,55
2020-08-22 10:33:33.044876,409,26,55
2020-08-22 10:33:43.071875,408,26,55
2020-08-22 10:33:53.114260,408,26,55
2020-08-22 10:34:03.141729,408,26,55
2020-08-22 10:34:13.183551,409,26,55
2020-08-22 10:34:23.226640,409,26,55
2020-08-22 10:34:33.268790,409,26,55
2020-08-22 10:34:43.295846,409,26,55
2020-08-22 10:34:53.322959,409,26,55
2020-08-22 10:35:03.365249,409,26,55
2020-08-22 10:35:13.408210,411,26,55
2020-08-22 10:35:23.451180,412,26,55
2020-08-22 10:35:33.493249,412,26,55
2020-08-22 10:35:43.520482,414,26,55
2020-08-22 10:35:53.563253,413,26,55
2020-08-22 10:36:03.590444,413,26,55
2020-08-22 10:36:13.648111,412,26,55
2020-08-22 10:36:23.675189,412,26,55
2020-08-22 10:36:33.718131,411,26,55
2020-08-22 10:36:43.761154,411,26,55
2020-08-22 10:36:53.803238,411,26,55
2020-08-22 10:37:03.830403,410,26,55
2020-08-22 10:37:13.873187,411,26,55
2020-08-22 10:37:23.931259,411,26,55
2020-08-22 10:37:33.974489,411,26,55
2020-08-22 10:37:44.032764,412,26,55
2020-08-22 10:37:54.075586,412,26,55
2020-08-22 10:38:04.102864,411,26,55
2020-08-22 10:38:14.160625,411,26,55
2020-08-22 10:38:24.203815,410,26,55
2020-08-22 10:38:34.246611,410,26,55
2020-08-22 10:38:44.305045,409,26,55
2020-08-22 10:38:54.331986,409,26,55
2020-08-22 10:39:04.374935,408,26,55
2020-08-22 10:39:14.433175,408,26,55
2020-08-22 10:39:24.476120,408,26,55
2020-08-22 10:39:34.503007,408,26,55
2020-08-22 10:39:44.545484,408,26,55
2020-08-22 10:39:54.588113,409,26,55
2020-08-22 10:40:04.630968,409,26,55
2020-08-22 10:40:14.673538,407,26,56
2020-08-22 10:40:24.716451,406,26,55
2020-08-22 10:40:34.759138,407,26,56
2020-08-22 10:40:44.802143,406,26,55
2020-08-22 10:40:54.844877,405,26,56
2020-08-22 10:41:04.903187,405,26,56
2020-08-22 10:41:14.946219,406,26,56
2020-08-22 10:41:24.988840,406,26,55
2020-08-22 10:41:35.015810,407,26,55
2020-08-22 10:41:45.058245,408,26,55
2020-08-22 10:41:55.100998,407,26,56
2020-08-22 10:42:05.143665,409,26,56
2020-08-22 10:42:15.186675,408,26,55
2020-08-22 10:42:25.245040,409,26,55
2020-08-22 10:42:35.272290,410,26,55
2020-08-22 10:42:45.314711,410,26,55
2020-08-22 10:42:55.357790,411,26,56
2020-08-22 10:43:05.416205,411,26,56
2020-08-22 10:43:15.459033,410,26,55
2020-08-22 10:43:25.486030,411,26,55
2020-08-22 10:43:35.528429,411,26,56
2020-08-22 10:43:45.555404,412,26,55
2020-08-22 10:43:55.597800,411,26,55
2020-08-22 10:44:05.640519,411,26,55
2020-08-22 10:44:15.667373,411,26,55
2020-08-22 10:44:25.709785,411,26,55
2020-08-22 10:44:35.736825,410,26,55
2020-08-22 10:44:45.779314,410,26,55
2020-08-22 10:44:55.806332,410,26,55
2020-08-22 10:45:05.833242,410,26,56
2020-08-22 10:45:15.875691,409,26,55
2020-08-22 10:45:25.918479,408,26,55
2020-08-22 10:45:35.945471,408,26,56
2020-08-22 10:45:45.987908,407,26,55
2020-08-22 10:45:56.014832,408,26,55
2020-08-22 10:46:06.057609,408,26,55
2020-08-22 10:46:16.084355,407,26,55
2020-08-22 10:46:26.126772,407,26,56
2020-08-22 10:46:36.169219,408,26,56
2020-08-22 10:46:46.196370,407,26,56
2020-08-22 10:46:56.239293,407,26,56
2020-08-22 10:47:06.281700,406,26,56
2020-08-22 10:47:16.324214,405,26,55
2020-08-22 10:47:26.366922,406,26,56
2020-08-22 10:47:36.393818,407,26,55
2020-08-22 10:47:46.420847,406,26,56
2020-08-22 10:47:56.479160,406,26,56
2020-08-22 10:48:06.521866,406,26,56
2020-08-22 10:48:16.564764,406,26,56
2020-08-22 10:48:26.623101,406,26,56
2020-08-22 10:48:36.666191,407,26,56
2020-08-22 10:48:46.708985,406,26,56
2020-08-22 10:48:56.767367,407,26,56
2020-08-22 10:49:06.810302,407,26,56
2020-08-22 10:49:16.853170,407,26,56
2020-08-22 10:49:26.896102,407,26,56
2020-08-22 10:49:36.938730,408,26,56
2020-08-22 10:49:46.997074,408,26,56
2020-08-22 10:49:57.039984,407,26,56
2020-08-22 10:50:07.082745,407,26,56
2020-08-22 10:50:17.109563,407,26,56
2020-08-22 10:50:27.151826,407,26,56
2020-08-22 10:50:37.178849,408,26,56
2020-08-22 10:50:47.221292,409,26,56
2020-08-22 10:50:57.248299,410,26,56
2020-08-22 10:51:07.290669,410,26,56
2020-08-22 10:51:17.317711,411,26,56
2020-08-22 10:51:27.360159,411,26,56
2020-08-22 10:51:37.387177,411,26,56
2020-08-22 10:51:47.414165,411,26,56
2020-08-22 10:51:57.456496,411,26,56
2020-08-22 10:52:07.483490,413,26,56
2020-08-22 10:52:17.525794,412,26,56
2020-08-22 10:52:27.552779,412,26,56
2020-08-22 10:52:37.579816,410,26,56
2020-08-22 10:52:47.622250,412,26,56
2020-08-22 10:52:57.649112,411,26,56
2020-08-22 10:53:07.691500,412,26,56
2020-08-22 10:53:17.718565,412,26,56
2020-08-22 10:53:27.760926,412,26,56
2020-08-22 10:53:37.787939,413,26,56
2020-08-22 10:53:47.814977,412,26,56
2020-08-22 10:53:57.857380,413,26,56
2020-08-22 10:54:07.884359,413,26,56
2020-08-22 10:54:17.926484,413,26,56
2020-08-22 10:54:27.953396,412,26,56
2020-08-22 10:54:37.980414,412,26,56
2020-08-22 10:54:48.022827,412,26,56
2020-08-22 10:54:58.049829,412,26,56
2020-08-22 10:55:08.092070,412,26,56
2020-08-22 10:55:18.119133,412,26,56
2020-08-22 10:55:28.161568,412,26,56
2020-08-22 10:55:38.188495,413,26,56
2020-08-22 10:55:48.215438,412,26,56
2020-08-22 10:55:58.257774,412,26,56
2020-08-22 10:56:08.284765,412,26,56
2020-08-22 10:56:18.327099,412,26,56
2020-08-22 10:56:28.354065,412,26,56
2020-08-22 10:56:38.381070,411,26,56
2020-08-22 10:56:48.423529,411,26,56
2020-08-22 10:56:58.450569,411,26,56
2020-08-22 10:57:08.492869,412,26,56
2020-08-22 10:57:18.519903,413,26,56
2020-08-22 10:57:28.562468,414,26,56
2020-08-22 10:57:38.589282,414,26,56
2020-08-22 10:57:48.616377,414,26,56
2020-08-22 10:57:58.658812,413,26,56
2020-08-22 10:58:08.685671,413,26,56
2020-08-22 10:58:18.728074,413,26,56
2020-08-22 10:58:28.755098,413,26,56
2020-08-22 10:58:38.798215,413,26,56
2020-08-22 10:58:48.840668,413,26,56
2020-08-22 10:58:58.867629,413,26,56
2020-08-22 10:59:08.910073,413,26,56
2020-08-22 10:59:18.937057,412,26,56
2020-08-22 10:59:28.979412,412,26,56
2020-08-22 10:59:39.006438,412,26,56
2020-08-22 10:59:49.033335,413,26,56
2020-08-22 10:59:59.075618,412,26,56
2020-08-22 11:00:09.102557,412,26,57
2020-08-22 11:00:19.144801,412,26,56
2020-08-22 11:00:29.171690,412,26,56
2020-08-22 11:00:39.198703,412,26,56
2020-08-22 11:00:49.241156,411,26,56
2020-08-22 11:00:59.268054,412,26,56
2020-08-22 11:01:09.310625,411,26,56
2020-08-22 11:01:19.337568,411,26,56
2020-08-22 11:01:29.379991,412,26,56
2020-08-22 11:01:39.406948,411,26,56
2020-08-22 11:01:49.449393,410,26,56
2020-08-22 11:01:59.476409,409,26,56
2020-08-22 11:02:09.503160,410,26,56
2020-08-22 11:02:19.545639,411,26,56
2020-08-22 11:02:29.572666,411,26,56
2020-08-22 11:02:39.615019,411,26,56
2020-08-22 11:02:49.642044,410,26,56
2020-08-22 11:02:59.668986,411,26,57
2020-08-22 11:03:09.711437,411,26,57
2020-08-22 11:03:19.738529,412,26,57
2020-08-22 11:03:29.780843,412,26,56
2020-08-22 11:03:39.807814,413,26,56
2020-08-22 11:03:49.850251,412,26,56
2020-08-22 11:03:59.877160,412,26,56
2020-08-22 11:04:09.904117,412,26,56
2020-08-22 11:04:19.946451,413,26,56
2020-08-22 11:04:29.973339,412,26,57
2020-08-22 11:04:40.015689,412,26,57
2020-08-22 11:04:50.042580,412,26,56
2020-08-22 11:05:00.069600,413,26,57
2020-08-22 11:05:10.111988,412,26,57
2020-08-22 11:05:20.139013,411,26,56
2020-08-22 11:05:30.181422,412,26,56
2020-08-22 11:05:40.208368,413,26,56
2020-08-22 11:05:50.235357,412,26,56
2020-08-22 11:06:00.277818,412,26,56
2020-08-22 11:06:10.320379,413,26,57
2020-08-22 11:06:20.347319,413,26,57
2020-08-22 11:06:30.389662,413,26,57
2020-08-22 11:06:40.416582,414,26,57
2020-08-22 11:06:50.443545,414,26,57
2020-08-22 11:07:00.485805,414,26,57
2020-08-22 11:07:10.512741,414,26,57
2020-08-22 11:07:20.555167,414,26,56
2020-08-22 11:07:30.582262,415,26,56
2020-08-22 11:07:40.609052,415,26,56
2020-08-22 11:07:50.651581,414,26,56
2020-08-22 11:08:00.678710,415,26,56
2020-08-22 11:08:10.736702,414,26,57
2020-08-22 11:08:20.763666,414,26,57
2020-08-22 11:08:30.806055,413,26,57
2020-08-22 11:08:40.833080,414,26,56
2020-08-22 11:08:50.860019,413,26,56
2020-08-22 11:09:00.902372,413,26,56
2020-08-22 11:09:10.929428,412,26,56
2020-08-22 11:09:20.971841,412,26,56
2020-08-22 11:09:30.998940,412,26,56
2020-08-22 11:09:41.041214,412,26,57
2020-08-22 11:09:51.068226,410,26,57
2020-08-22 11:10:01.110665,409,26,57
2020-08-22 11:10:11.137467,408,26,57
2020-08-22 11:10:21.164465,408,26,56
2020-08-22 11:10:31.206841,409,26,56
2020-08-22 11:10:41.233868,410,26,56
2020-08-22 11:10:51.276270,409,26,56
2020-08-22 11:11:01.303183,408,26,56
2020-08-22 11:11:11.330261,408,26,56
2020-08-22 11:11:21.372631,409,26,56
2020-08-22 11:11:31.399648,409,26,56
2020-08-22 11:11:41.442179,409,26,56
2020-08-22 11:11:51.469204,410,26,56
2020-08-22 11:12:01.511621,410,26,56
2020-08-22 11:12:11.538559,410,26,56
2020-08-22 11:12:21.580670,410,26,56
2020-08-22 11:12:31.607826,409,26,56
2020-08-22 11:12:41.634894,410,26,56
2020-08-22 11:12:51.677264,410,26,56
2020-08-22 11:13:01.704279,409,26,56
2020-08-22 11:13:11.746636,410,26,57
2020-08-22 11:13:21.773676,410,26,57
2020-08-22 11:13:31.816077,411,26,56
2020-08-22 11:13:41.843125,411,26,56
2020-08-22 11:13:51.885738,412,26,56
2020-08-22 11:14:01.912803,411,26,56
2020-08-22 11:14:11.954936,410,26,56
2020-08-22 11:14:21.981887,410,26,56
2020-08-22 11:14:32.024335,411,26,56
2020-08-22 11:14:42.051512,413,26,56
2020-08-22 11:14:52.093943,412,26,56
2020-08-22 11:15:02.121006,413,26,56
2020-08-22 11:15:12.163376,414,26,56
2020-08-22 11:15:22.190485,413,26,56
2020-08-22 11:15:32.232870,414,26,56
2020-08-22 11:15:42.259944,415,26,56
2020-08-22 11:15:52.302353,415,26,56
2020-08-22 11:16:02.329508,415,26,56
2020-08-22 11:16:12.371629,415,26,56
2020-08-22 11:16:22.399057,415,26,56
2020-08-22 11:16:32.441275,416,26,56
2020-08-22 11:16:42.468361,415,26,56
2020-08-22 11:16:52.510569,416,26,57
2020-08-22 11:17:02.537702,415,26,57
2020-08-22 11:17:12.564892,415,26,57
2020-08-22 11:17:22.607137,415,26,57
2020-08-22 11:17:32.634275,416,26,56
2020-08-22 11:17:42.676484,416,26,56
2020-08-22 11:17:52.703674,415,26,57
2020-08-22 11:18:02.746076,414,26,57
2020-08-22 11:18:12.772926,415,26,57
2020-08-22 11:18:22.815203,415,26,56
2020-08-22 11:18:32.842181,415,26,56
2020-08-22 11:18:42.869337,415,26,56
2020-08-22 11:18:52.911523,415,26,57
2020-08-22 11:19:02.938685,415,26,57
2020-08-22 11:19:12.980854,413,26,57
2020-08-22 11:19:23.007995,414,26,57
2020-08-22 11:19:33.035111,415,26,57
2020-08-22 11:19:43.077235,414,26,57
2020-08-22 11:19:53.104286,416,26,57
2020-08-22 11:20:03.146712,415,26,57
2020-08-22 11:20:13.173358,416,26,57
2020-08-22 11:20:23.215481,416,26,56
2020-08-22 11:20:33.242420,416,26,56
2020-08-22 11:20:43.269368,415,26,56
2020-08-22 11:20:53.311730,415,26,57
2020-08-22 11:21:03.338726,415,26,57
2020-08-22 11:21:13.381073,415,26,57
2020-08-22 11:21:23.408228,416,26,57
2020-08-22 11:21:33.450600,415,26,57
2020-08-22 11:21:43.477544,415,26,57
2020-08-22 11:21:53.519962,415,26,56
2020-08-22 11:22:03.547013,416,26,56
2020-08-22 11:22:13.573803,416,26,56
2020-08-22 11:22:23.616143,415,26,57
2020-08-22 11:22:33.643097,416,26,57
2020-08-22 11:22:43.685541,416,26,57
2020-08-22 11:22:53.712515,415,26,57
2020-08-22 11:23:03.754893,415,26,57
2020-08-22 11:23:13.781991,417,26,57
2020-08-22 11:23:23.824340,417,26,57
2020-08-22 11:23:33.851397,417,26,57
2020-08-22 11:23:43.893778,418,26,57
2020-08-22 11:23:53.920745,417,26,57
2020-08-22 11:24:03.947820,418,26,57
2020-08-22 11:24:13.989974,418,26,57
2020-08-22 11:24:24.016937,418,26,57
2020-08-22 11:24:34.059407,418,26,57
2020-08-22 11:24:44.086511,418,26,57
2020-08-22 11:24:54.113394,419,26,57
2020-08-22 11:25:04.155838,419,26,56
2020-08-22 11:25:14.182811,419,26,57
2020-08-22 11:25:24.225278,421,26,57
2020-08-22 11:25:34.252284,420,26,57
2020-08-22 11:25:44.294584,419,26,56
2020-08-22 11:25:54.321613,419,26,57
2020-08-22 11:26:04.364078,420,26,56
2020-08-22 11:26:14.390909,419,26,56
2020-08-22 11:26:24.417838,419,26,56
2020-08-22 11:26:34.460113,419,26,57
2020-08-22 11:26:44.487170,419,26,57
2020-08-22 11:26:54.529484,419,26,57
2020-08-22 11:27:04.556488,418,26,57
2020-08-22 11:27:14.598891,417,26,56
2020-08-22 11:27:24.625870,417,26,56
2020-08-22 11:27:34.652818,417,26,57
2020-08-22 11:27:44.695158,418,26,57
2020-08-22 11:27:54.722086,418,26,57
2020-08-22 11:28:04.749069,418,26,57
2020-08-22 11:28:14.791185,419,26,57
2020-08-22 11:28:24.818183,418,26,57
2020-08-22 11:28:34.860543,418,26,57
2020-08-22 11:28:44.887480,417,26,57
2020-08-22 11:28:54.929777,417,26,57
2020-08-22 11:29:04.956800,417,26,57
2020-08-22 11:29:14.983761,416,26,57
2020-08-22 11:29:25.026213,417,26,57
2020-08-22 11:29:35.053087,416,26,57
2020-08-22 11:29:45.095459,416,26,57
2020-08-22 11:29:55.122447,416,26,57
2020-08-22 11:30:05.149490,417,26,57
2020-08-22 11:30:15.191508,417,26,57
2020-08-22 11:30:25.218492,417,26,57
2020-08-22 11:30:35.260854,416,26,57
2020-08-22 11:30:45.287807,417,26,57
2020-08-22 11:30:55.330167,416,26,57
2020-08-22 11:31:05.357206,415,26,57
2020-08-22 11:31:15.399509,415,26,57
2020-08-22 11:31:25.426787,415,26,57
2020-08-22 11:31:35.453704,416,26,57
2020-08-22 11:31:45.495950,416,26,57
2020-08-22 11:31:55.523069,415,26,57
2020-08-22 11:32:05.565192,415,26,57
2020-08-22 11:32:15.592245,416,26,57
2020-08-22 11:32:25.618963,415,26,57
2020-08-22 11:32:35.661368,416,26,57
2020-08-22 11:32:45.688353,416,26,57
2020-08-22 11:32:55.730644,415,26,57
2020-08-22 11:33:05.757589,416,26,57
2020-08-22 11:33:15.800003,414,26,57
2020-08-22 11:33:25.826998,415,26,57
2020-08-22 11:33:35.853964,414,26,57
2020-08-22 11:33:45.896269,414,26,57
2020-08-22 11:33:55.923374,413,26,57
2020-08-22 11:34:05.965771,413,26,57
2020-08-22 11:34:15.992612,414,26,57
2020-08-22 11:34:26.035066,413,26,57
2020-08-22 11:34:36.062006,415,26,57
2020-08-22 11:34:46.104403,415,26,57
2020-08-22 11:34:56.131373,415,26,57
2020-08-22 11:35:06.173816,415,26,57
2020-08-22 11:35:16.200848,415,26,57
2020-08-22 11:35:26.243255,415,26,57
2020-08-22 11:35:36.270246,416,26,57
2020-08-22 11:35:46.297094,416,26,57
2020-08-22 11:35:56.339522,415,26,57
2020-08-22 11:36:06.366553,415,26,57
2020-08-22 11:36:16.408764,414,26,57
2020-08-22 11:36:26.435774,415,26,57
2020-08-22 11:36:36.478325,415,26,57
2020-08-22 11:36:46.505255,415,26,57
2020-08-22 11:36:56.547544,416,26,57
2020-08-22 11:37:06.574503,415,26,57
2020-08-22 11:37:16.616896,415,26,57
2020-08-22 11:37:26.644027,415,26,57
2020-08-22 11:37:36.686343,416,26,57
2020-08-22 11:37:46.713388,416,26,57
2020-08-22 11:37:56.755767,417,26,58
2020-08-22 11:38:06.782651,417,26,57
2020-08-22 11:38:16.809580,416,26,57
2020-08-22 11:38:26.851905,417,26,57
2020-08-22 11:38:36.878950,416,26,57
2020-08-22 11:38:46.921565,416,26,57
2020-08-22 11:38:56.963912,416,26,58
2020-08-22 11:39:06.991002,416,26,57
2020-08-22 11:39:17.033430,416,26,57
2020-08-22 11:39:27.060345,417,26,57
2020-08-22 11:39:37.102758,416,26,57
2020-08-22 11:39:47.129715,418,26,57
2020-08-22 11:39:57.172244,418,26,57
2020-08-22 11:40:07.199248,418,26,57
2020-08-22 11:40:17.241664,418,26,57
2020-08-22 11:40:27.268743,418,26,57
2020-08-22 11:40:37.311234,417,26,57
2020-08-22 11:40:47.338401,417,26,58
2020-08-22 11:40:57.380782,417,26,58
2020-08-22 11:41:07.407752,417,26,58
2020-08-22 11:41:17.450251,417,26,58
2020-08-22 11:41:27.477309,417,26,58
2020-08-22 11:41:37.519751,418,26,58
2020-08-22 11:41:47.546730,418,26,58
2020-08-22 11:41:57.589213,417,26,58
2020-08-22 11:42:07.616160,417,26,57
2020-08-22 11:42:17.658438,417,26,57
2020-08-22 11:42:27.685500,417,26,58
2020-08-22 11:42:37.727989,416,26,57
2020-08-22 11:42:47.754840,416,26,57
2020-08-22 11:42:57.781802,415,26,57
2020-08-22 11:43:07.824194,415,26,57
2020-08-22 11:43:17.851222,415,26,57
2020-08-22 11:43:27.893667,415,26,57
2020-08-22 11:43:37.920715,415,26,57
2020-08-22 11:43:47.963041,415,26,57
2020-08-22 11:43:57.990047,416,26,57
2020-08-22 11:44:08.032473,417,26,57
2020-08-22 11:44:18.059394,417,26,57
2020-08-22 11:44:28.086438,417,26,57
2020-08-22 11:44:38.128870,416,26,57
2020-08-22 11:44:48.171352,417,26,57
2020-08-22 11:44:58.198431,417,26,57
2020-08-22 11:45:08.240818,417,26,57
2020-08-22 11:45:18.267882,417,26,57
2020-08-22 11:45:28.310354,417,26,57
2020-08-22 11:45:38.337455,418,26,57
2020-08-22 11:45:48.379849,418,26,57
2020-08-22 11:45:58.406932,417,26,57
2020-08-22 11:46:08.449175,417,26,57
2020-08-22 11:46:18.476198,417,26,57
2020-08-22 11:46:28.518625,417,26,57
2020-08-22 11:46:38.545674,417,26,57
2020-08-22 11:46:48.588163,418,26,57
2020-08-22 11:46:58.615149,418,26,57
2020-08-22 11:47:08.642276,418,26,57
2020-08-22 11:47:18.684650,419,26,57
2020-08-22 11:47:28.711672,418,26,57
2020-08-22 11:47:38.754073,418,26,57
2020-08-22 11:47:48.781011,417,26,57
2020-08-22 11:47:58.823513,417,26,57
2020-08-22 11:48:08.850597,417,26,58
2020-08-22 11:48:18.892854,416,26,58
2020-08-22 11:48:28.919911,416,26,58
2020-08-22 11:48:38.962319,416,26,58
2020-08-22 11:48:48.989461,416,26,57
2020-08-22 11:48:59.031798,415,26,58
2020-08-22 11:49:09.058884,415,26,58
2020-08-22 11:49:19.101313,416,26,57
2020-08-22 11:49:29.128301,416,26,58
2020-08-22 11:49:39.170700,416,26,58
2020-08-22 11:49:49.197676,416,26,58
2020-08-22 11:49:59.240221,415,26,58
2020-08-22 11:50:09.267089,416,26,57
2020-08-22 11:50:19.294145,415,26,58
2020-08-22 11:50:29.336525,415,26,58
2020-08-22 11:50:39.363500,415,26,58
2020-08-22 11:50:49.405908,414,26,58
2020-08-22 11:50:59.432846,414,26,58
2020-08-22 11:51:09.475282,413,26,58
2020-08-22 11:51:19.502296,414,26,58
2020-08-22 11:51:29.544728,414,26,58
2020-08-22 11:51:39.571726,413,26,58
2020-08-22 11:51:49.598710,414,26,58
2020-08-22 11:51:59.641176,414,26,58
2020-08-22 11:52:09.668066,415,26,58
2020-08-22 11:52:19.710558,416,26,58
2020-08-22 11:52:29.737343,416,26,58
2020-08-22 11:52:39.779777,416,26,58
2020-08-22 11:52:49.806768,415,26,58
2020-08-22 11:52:59.833700,415,26,58
2020-08-22 11:53:09.876119,415,26,58
2020-08-22 11:53:19.903176,414,26,58
2020-08-22 11:53:29.945611,415,26,58
2020-08-22 11:53:39.972605,415,26,58
2020-08-22 11:53:50.014972,415,26,58
2020-08-22 11:54:00.042053,413,26,58
2020-08-22 11:54:10.084317,413,26,59
2020-08-22 11:54:20.111207,410,26,58
2020-08-22 11:54:30.153780,410,26,58
2020-08-22 11:54:40.180750,411,26,58
2020-08-22 11:54:50.223156,412,26,58
2020-08-22 11:55:00.250174,411,26,58
2020-08-22 11:55:10.292592,412,26,58
2020-08-22 11:55:20.319568,412,26,58
2020-08-22 11:55:30.361914,412,26,58
2020-08-22 11:55:40.388864,413,26,58
2020-08-22 11:55:50.415804,413,26,58
2020-08-22 11:56:00.458480,413,26,58
2020-08-22 11:56:10.500663,414,26,58
2020-08-22 11:56:20.527837,415,26,59
2020-08-22 11:56:30.554655,415,26,58
2020-08-22 11:56:40.597039,415,26,58
2020-08-22 11:56:50.623956,414,26,59
2020-08-22 11:57:00.666520,414,26,58
2020-08-22 11:57:10.693447,414,26,58
2020-08-22 11:57:20.735902,413,26,59
2020-08-22 11:57:30.762879,414,26,59
2020-08-22 11:57:40.805361,414,26,58
2020-08-22 11:57:50.832314,415,26,58
2020-08-22 11:58:00.859313,415,26,58
2020-08-22 11:58:10.901615,415,26,58
2020-08-22 11:58:20.928644,416,26,58
2020-08-22 11:58:30.970933,416,26,59
2020-08-22 11:58:40.997954,414,26,59
2020-08-22 11:58:51.040331,414,26,59
2020-08-22 11:59:01.067303,414,26,59
2020-08-22 11:59:11.109625,414,26,59
2020-08-22 11:59:21.136562,411,26,59
2020-08-22 11:59:31.163598,410,26,59
2020-08-22 11:59:41.205919,415,26,59
2020-08-22 11:59:51.232909,414,26,59
2020-08-22 12:00:01.275308,411,26,59
2020-08-22 12:00:11.302361,408,26,59
2020-08-22 12:00:21.344652,409,26,59
2020-08-22 12:00:31.371657,411,26,59
2020-08-22 12:00:41.414136,412,26,59
2020-08-22 12:00:51.441070,411,26,59
2020-08-22 12:01:01.467917,411,26,59
2020-08-22 12:01:11.510378,410,26,59
2020-08-22 12:01:21.537287,410,26,59
2020-08-22 12:01:31.579688,411,26,59
2020-08-22 12:01:41.606608,410,26,59
2020-08-22 12:01:51.633562,410,26,59
2020-08-22 12:02:01.676119,410,26,59
2020-08-22 12:02:11.702856,409,26,59
2020-08-22 12:02:21.745235,409,26,59
2020-08-22 12:02:31.787613,409,26,59
2020-08-22 12:02:41.814682,409,26,59
2020-08-22 12:02:51.841615,408,26,59
2020-08-22 12:03:01.883921,409,26,59
2020-08-22 12:03:11.910992,409,26,59
2020-08-22 12:03:21.953376,410,26,59
2020-08-22 12:03:31.980295,411,26,59
2020-08-22 12:03:42.007223,412,26,60
2020-08-22 12:03:52.049552,411,26,59
2020-08-22 12:04:02.076582,412,26,59
2020-08-22 12:04:12.118695,411,26,60
2020-08-22 12:04:22.145624,411,26,59
2020-08-22 12:04:32.187948,411,26,59
2020-08-22 12:04:42.214920,412,26,59
2020-08-22 12:04:52.241768,413,26,59
2020-08-22 12:05:02.284156,412,26,59
2020-08-22 12:05:12.311150,412,26,59
2020-08-22 12:05:22.353517,412,26,60
2020-08-22 12:05:32.380391,411,26,60
2020-08-22 12:05:42.407202,411,26,59
2020-08-22 12:05:52.449605,411,26,60
2020-08-22 12:06:02.476694,411,26,59
2020-08-22 12:06:12.503290,411,26,59
2020-08-22 12:06:22.545549,409,26,59
2020-08-22 12:06:32.572556,410,26,59
2020-08-22 12:06:42.614944,411,26,59
2020-08-22 12:06:52.641888,410,26,59
2020-08-22 12:07:02.668824,409,26,60
2020-08-22 12:07:12.711126,409,26,59
2020-08-22 12:07:22.738190,409,26,60
2020-08-22 12:07:32.780377,409,26,60
2020-08-22 12:07:42.807242,409,26,59
2020-08-22 12:07:52.834307,409,26,59
2020-08-22 12:08:02.876745,408,26,59
2020-08-22 12:08:12.903489,409,26,60
2020-08-22 12:08:22.945783,408,26,59
2020-08-22 12:08:32.972808,408,26,60
2020-08-22 12:08:42.999791,409,26,60
2020-08-22 12:08:53.042138,410,26,60
2020-08-22 12:09:03.068983,410,26,60
2020-08-22 12:09:13.095974,410,26,60
2020-08-22 12:09:23.138408,410,26,60
2020-08-22 12:09:33.165230,410,26,60
2020-08-22 12:09:43.207627,410,26,60
2020-08-22 12:09:53.234511,410,26,60
2020-08-22 12:10:03.261544,410,26,60
2020-08-22 12:10:13.303656,409,26,60
2020-08-22 12:10:23.330588,409,26,60
2020-08-22 12:10:33.357512,409,26,60
2020-08-22 12:10:43.399973,410,26,59
2020-08-22 12:10:53.427003,410,26,59
2020-08-22 12:11:03.469267,411,26,60
2020-08-22 12:11:13.496172,410,26,60
2020-08-22 12:11:23.538577,410,26,60
2020-08-22 12:11:33.565563,411,26,60
2020-08-22 12:11:43.608031,410,26,60
2020-08-22 12:11:53.634941,410,26,60
2020-08-22 12:12:03.662024,411,26,60
2020-08-22 12:12:13.704156,411,26,60
2020-08-22 12:12:23.731046,411,26,59
2020-08-22 12:12:33.773457,411,26,59
2020-08-22 12:12:43.800629,411,26,60
2020-08-22 12:12:53.827412,411,26,60
2020-08-22 12:13:03.869842,411,26,59
2020-08-22 12:13:13.896763,411,26,60
2020-08-22 12:13:23.939095,412,26,60
2020-08-22 12:13:33.965975,412,26,60
2020-08-22 12:13:43.992949,412,26,60
2020-08-22 12:13:54.035375,412,26,60
2020-08-22 12:14:04.062426,411,26,60
2020-08-22 12:14:14.104632,412,26,60
2020-08-22 12:14:24.131533,411,26,60
2020-08-22 12:14:34.158452,412,26,60
2020-08-22 12:14:44.200791,412,26,59
2020-08-22 12:14:54.227691,412,26,59
2020-08-22 12:15:04.270166,411,26,60
2020-08-22 12:15:14.297026,412,26,60
2020-08-22 12:15:24.324030,411,26,60
2020-08-22 12:15:34.366419,411,26,60
2020-08-22 12:15:44.393258,411,26,60
2020-08-22 12:15:54.435723,410,26,59
2020-08-22 12:16:04.462737,410,26,60
2020-08-22 12:16:14.504937,410,26,60
2020-08-22 12:16:24.531773,410,26,60
2020-08-22 12:16:34.558689,409,26,60
2020-08-22 12:16:44.601054,409,26,60
2020-08-22 12:16:54.628050,409,26,60
2020-08-22 12:17:04.655041,409,26,60
2020-08-22 12:17:14.697409,410,26,60
2020-08-22 12:17:24.724395,409,26,60
2020-08-22 12:17:34.766665,408,26,60
2020-08-22 12:17:44.793724,409,26,60
2020-08-22 12:17:54.836064,409,26,60
2020-08-22 12:18:04.863023,408,26,60
2020-08-22 12:18:14.889774,408,26,60
2020-08-22 12:18:24.932015,407,26,60
2020-08-22 12:18:34.958956,406,26,60
2020-08-22 12:18:44.985923,406,26,60
2020-08-22 12:18:55.028255,405,26,60
2020-08-22 12:19:05.055281,404,26,60
2020-08-22 12:19:15.097632,403,26,60
2020-08-22 12:19:25.124686,403,26,60
2020-08-22 12:19:35.151579,403,26,60
2020-08-22 12:19:45.193887,404,26,60
2020-08-22 12:19:55.220865,404,26,60
2020-08-22 12:20:05.263336,404,26,60
2020-08-22 12:20:15.290069,404,26,60
2020-08-22 12:20:25.316983,404,26,60
2020-08-22 12:20:35.359379,404,26,60
2020-08-22 12:20:45.386378,403,26,60
2020-08-22 12:20:55.428541,405,26,60
2020-08-22 12:21:05.455446,404,26,60
2020-08-22 12:21:15.482481,404,26,60
2020-08-22 12:21:25.524845,404,26,60
2020-08-22 12:21:35.551637,404,26,60
2020-08-22 12:21:45.578641,405,26,60
2020-08-22 12:21:55.620970,406,26,60
2020-08-22 12:22:05.647990,406,26,60
2020-08-22 12:22:15.690184,407,26,60
2020-08-22 12:22:25.717028,407,26,60
2020-08-22 12:22:35.744087,408,26,60
2020-08-22 12:22:45.786461,408,26,60
2020-08-22 12:22:55.813544,409,26,60
2020-08-22 12:23:05.855825,409,26,60
2020-08-22 12:23:15.882777,409,26,60
2020-08-22 12:23:25.925170,409,26,60
2020-08-22 12:23:35.952112,409,26,60
2020-08-22 12:23:45.978991,408,26,60
2020-08-22 12:23:56.021337,409,26,60
2020-08-22 12:24:06.048372,409,26,60
2020-08-22 12:24:16.090603,410,26,60
2020-08-22 12:24:26.117556,411,26,60
2020-08-22 12:24:36.144461,412,26,60
2020-08-22 12:24:46.186888,413,26,59
2020-08-22 12:24:56.213792,413,26,59
2020-08-22 12:25:06.240775,414,26,59
2020-08-22 12:25:16.283145,414,26,59
2020-08-22 12:25:26.310160,414,26,59
2020-08-22 12:25:36.352497,414,26,60
2020-08-22 12:25:46.379346,415,26,60
2020-08-22 12:25:56.406374,415,26,60
2020-08-22 12:26:06.448671,415,26,60
2020-08-22 12:26:16.475542,415,26,60
2020-08-22 12:26:26.517797,415,26,60
2020-08-22 12:26:36.544770,416,26,60
2020-08-22 12:26:46.571655,416,26,60
2020-08-22 12:26:56.613949,417,26,60
2020-08-22 12:27:06.640937,417,26,60
2020-08-22 12:27:16.683304,418,26,60
2020-08-22 12:27:26.710299,417,26,60
2020-08-22 12:27:36.737209,416,26,60
2020-08-22 12:27:46.779510,416,26,60
2020-08-22 12:27:56.806540,416,26,60
2020-08-22 12:28:06.848789,415,26,60
2020-08-22 12:28:16.875682,415,26,59
2020-08-22 12:28:26.902625,415,26,60
2020-08-22 12:28:36.944915,415,26,60
2020-08-22 12:28:46.971820,416,26,60
2020-08-22 12:28:57.014209,417,26,60
2020-08-22 12:29:07.040996,416,26,60
2020-08-22 12:29:17.067870,416,26,60
2020-08-22 12:29:27.110258,417,26,60
2020-08-22 12:29:37.137277,417,26,60
2020-08-22 12:29:47.164189,417,26,60
2020-08-22 12:29:57.206536,417,26,60
2020-08-22 12:30:07.233424,416,26,60
2020-08-22 12:30:17.275828,416,26,60
2020-08-22 12:30:27.302938,416,26,60
2020-08-22 12:30:37.329953,417,26,60
2020-08-22 12:30:47.372129,418,26,60
2020-08-22 12:30:57.399092,417,26,60
2020-08-22 12:31:07.426157,415,26,60
2020-08-22 12:31:17.468633,415,26,60
2020-08-22 12:31:27.510902,414,26,60
2020-08-22 12:31:37.538067,414,26,60
2020-08-22 12:31:47.580228,415,26,60
2020-08-22 12:31:57.607304,414,26,60
2020-08-22 12:32:07.649948,414,26,60
2020-08-22 12:32:17.692073,415,26,60
2020-08-22 12:32:27.718983,415,26,60
2020-08-22 12:32:37.746177,415,26,60
2020-08-22 12:32:47.788284,415,26,60
2020-08-22 12:32:57.815407,415,26,60
2020-08-22 12:33:07.842537,415,26,60
2020-08-22 12:33:17.884610,416,26,60
2020-08-22 12:33:27.911728,415,26,60
2020-08-22 12:33:37.954031,415,26,59
2020-08-22 12:33:47.981242,414,26,59
2020-08-22 12:33:58.023503,415,26,59
2020-08-22 12:34:08.050683,414,26,59
2020-08-22 12:34:18.092705,414,26,60
2020-08-22 12:34:28.119451,415,26,59
2020-08-22 12:34:38.161786,414,26,59
2020-08-22 12:34:48.204851,413,26,59
2020-08-22 12:34:58.247191,413,26,59
2020-08-22 12:35:08.274189,414,26,59
2020-08-22 12:35:18.301120,415,26,59
2020-08-22 12:35:28.343474,415,26,60
2020-08-22 12:35:38.370469,414,26,59
2020-08-22 12:35:48.412889,414,26,59
2020-08-22 12:35:58.439852,414,26,59
2020-08-22 12:36:08.482048,414,26,59
2020-08-22 12:36:18.509004,414,26,59
2020-08-22 12:36:28.535805,414,26,59
2020-08-22 12:36:38.578079,413,26,59
2020-08-22 12:36:48.605187,412,26,59
2020-08-22 12:36:58.632096,413,26,59
2020-08-22 12:37:08.674428,415,26,59
2020-08-22 12:37:18.701409,414,26,59
2020-08-22 12:37:28.743811,414,26,59
2020-08-22 12:37:38.770790,415,26,59
2020-08-22 12:37:48.813069,417,26,59
2020-08-22 12:37:58.839986,418,26,59
2020-08-22 12:38:08.867052,417,26,59
2020-08-22 12:38:18.909154,418,26,59
2020-08-22 12:38:28.936045,416,26,59
2020-08-22 12:38:38.978309,420,26,59
2020-08-22 12:38:49.005319,420,26,59
2020-08-22 12:38:59.032269,421,26,59
2020-08-22 12:39:09.074540,420,26,59
2020-08-22 12:39:19.101539,420,26,59
2020-08-22 12:39:29.143851,420,26,59
2020-08-22 12:39:39.170853,417,26,59
2020-08-22 12:39:49.197742,417,26,59
2020-08-22 12:39:59.240060,417,26,59
2020-08-22 12:40:09.266909,417,26,59
2020-08-22 12:40:19.309228,418,26,59
2020-08-22 12:40:29.336076,418,26,59
2020-08-22 12:40:39.362995,417,26,59
2020-08-22 12:40:49.405393,417,26,59
2020-08-22 12:40:59.432328,417,26,59
2020-08-22 12:41:09.474642,416,26,58
2020-08-22 12:41:19.501557,416,26,59
2020-08-22 12:41:29.528504,416,26,58
2020-08-22 12:41:39.570997,418,26,58
2020-08-22 12:41:49.597825,417,26,58
2020-08-22 12:41:59.640259,417,26,58
2020-08-22 12:42:09.667114,417,26,58
2020-08-22 12:42:19.694047,417,26,58
2020-08-22 12:42:29.736324,416,26,58
2020-08-22 12:42:39.763360,416,26,58
2020-08-22 12:42:49.805711,416,26,58
2020-08-22 12:42:59.832653,416,26,58
2020-08-22 12:43:09.875009,416,26,58
2020-08-22 12:43:19.901944,417,26,58
2020-08-22 12:43:29.944330,417,26,58
2020-08-22 12:43:39.971239,416,26,58
2020-08-22 12:43:49.998247,416,26,58
2020-08-22 12:44:00.040525,416,26,58
2020-08-22 12:44:10.067447,415,26,58
2020-08-22 12:44:20.109776,415,26,58
2020-08-22 12:44:30.136726,415,26,58
2020-08-22 12:44:40.179053,414,26,58
2020-08-22 12:44:50.206019,413,26,58
2020-08-22 12:45:00.232972,413,26,58
2020-08-22 12:45:10.275257,413,26,58
2020-08-22 12:45:20.302034,413,26,58
2020-08-22 12:45:30.344460,414,26,58
2020-08-22 12:45:40.371432,414,26,58
2020-08-22 12:45:50.398303,414,26,58
2020-08-22 12:46:00.440585,414,26,58
2020-08-22 12:46:10.467448,414,27,58
2020-08-22 12:46:20.494464,416,27,58
2020-08-22 12:46:30.536661,416,27,58
2020-08-22 12:46:40.563623,416,27,58
2020-08-22 12:46:50.605867,417,27,58
2020-08-22 12:47:00.632838,417,27,58
2020-08-22 12:47:10.675193,417,27,58
2020-08-22 12:47:20.702033,417,26,58
2020-08-22 12:47:30.744516,417,26,58
2020-08-22 12:47:40.771436,417,27,58
2020-08-22 12:47:50.798309,417,26,58
2020-08-22 12:48:00.840547,416,27,58
2020-08-22 12:48:10.867320,416,26,58
2020-08-22 12:48:20.894312,414,27,58
2020-08-22 12:48:30.936425,416,26,58
2020-08-22 12:48:40.963299,416,26,58
2020-08-22 12:48:50.990325,415,26,58
2020-08-22 12:49:01.032701,415,26,58
2020-08-22 12:49:11.059652,417,26,58
2020-08-22 12:49:21.102046,418,26,58
2020-08-22 12:49:31.128911,417,27,58
2020-08-22 12:49:41.171331,417,27,58
2020-08-22 12:49:51.198261,418,27,58
2020-08-22 12:50:01.225224,417,27,58
2020-08-22 12:50:11.267544,416,27,58
2020-08-22 12:50:21.309858,418,27,57
2020-08-22 12:50:31.336765,418,27,57
2020-08-22 12:50:41.363722,417,27,57
2020-08-22 12:50:51.406068,418,27,57
2020-08-22 12:51:01.432994,419,27,57
2020-08-22 12:51:11.475384,419,27,57
2020-08-22 12:51:21.502386,419,27,57
2020-08-22 12:51:31.544693,419,27,57
2020-08-22 12:51:41.571885,417,27,57
2020-08-22 12:51:51.614472,417,27,57
2020-08-22 12:52:01.641645,418,27,57
2020-08-22 12:52:11.683703,417,27,57
2020-08-22 12:52:21.710714,416,27,57
2020-08-22 12:52:31.752843,416,27,57
2020-08-22 12:52:41.779734,416,27,57
2020-08-22 12:52:51.822164,416,27,57
2020-08-22 12:53:01.849156,416,27,57
2020-08-22 12:53:11.891526,416,27,57
2020-08-22 12:53:21.918635,415,27,57
2020-08-22 12:53:31.961035,416,27,57
2020-08-22 12:53:41.988029,415,27,57
2020-08-22 12:53:52.030379,415,27,57
2020-08-22 12:54:02.057488,415,27,57
2020-08-22 12:54:12.099649,415,27,57
2020-08-22 12:54:22.126783,416,27,57
2020-08-22 12:54:32.169094,415,27,57
2020-08-22 12:54:42.196088,417,27,57
2020-08-22 12:54:52.238448,417,27,57
2020-08-22 12:55:02.265598,419,27,56
2020-08-22 12:55:12.307961,419,27,57
2020-08-22 12:55:22.334952,419,27,57
2020-08-22 12:55:32.377366,420,27,57
2020-08-22 12:55:42.404359,420,27,57
2020-08-22 12:55:52.446781,420,27,56
2020-08-22 12:56:02.473842,419,27,56
2020-08-22 12:56:12.515927,419,27,56
2020-08-22 12:56:22.542921,419,27,56
2020-08-22 12:56:32.585373,419,27,56
2020-08-22 12:56:42.612313,419,27,56
2020-08-22 12:56:52.654614,418,27,56
2020-08-22 12:57:02.681793,417,27,56
2020-08-22 12:57:12.724240,418,27,56
2020-08-22 12:57:22.766729,418,27,56
2020-08-22 12:57:32.793559,419,27,56
2020-08-22 12:57:42.820659,420,27,56
2020-08-22 12:57:52.863031,420,27,56
2020-08-22 12:58:02.890073,420,27,56
2020-08-22 12:58:12.932154,420,27,56
2020-08-22 12:58:22.959139,420,27,56
2020-08-22 12:58:33.001551,419,27,56
2020-08-22 12:58:43.028558,419,27,56
2020-08-22 12:58:53.070993,419,27,56
2020-08-22 12:59:03.098069,419,27,56
2020-08-22 12:59:13.140435,419,27,56
2020-08-22 12:59:23.167463,419,27,56
2020-08-22 12:59:33.209719,419,27,56
2020-08-22 12:59:43.252181,420,27,56
2020-08-22 12:59:53.279193,420,27,56
2020-08-22 13:00:03.306217,421,27,56
2020-08-22 13:00:13.348335,421,27,56
2020-08-22 13:00:23.375364,421,27,56
2020-08-22 13:00:33.417621,420,27,56
2020-08-22 13:00:43.444648,420,27,56
2020-08-22 13:00:53.487080,420,27,56
2020-08-22 13:01:03.514053,421,27,56
2020-08-22 13:01:13.556455,420,27,56
2020-08-22 13:01:23.583394,419,27,56
2020-08-22 13:01:33.625733,419,27,56
2020-08-22 13:01:43.652670,418,27,56
2020-08-22 13:01:53.695010,418,27,56
2020-08-22 13:02:03.722047,417,27,56
2020-08-22 13:02:13.764154,417,27,56
2020-08-22 13:02:23.791142,417,27,56
2020-08-22 13:02:33.833525,417,27,56
2020-08-22 13:02:43.860614,418,27,56
2020-08-22 13:02:53.902894,418,27,56
2020-08-22 13:03:03.929866,419,27,56
2020-08-22 13:03:13.972243,417,27,56
2020-08-22 13:03:23.999153,417,27,56
2020-08-22 13:03:34.026191,416,27,56
2020-08-22 13:03:44.068619,416,27,56
2020-08-22 13:03:54.095546,416,27,56
2020-08-22 13:04:04.137921,418,27,56
2020-08-22 13:04:14.164735,417,27,56
2020-08-22 13:04:24.207050,417,27,56
2020-08-22 13:04:34.234015,418,27,56
2020-08-22 13:04:44.276413,420,27,56
2020-08-22 13:04:54.303375,419,27,56
2020-08-22 13:05:04.345760,418,27,56
2020-08-22 13:05:14.372759,418,27,56
2020-08-22 13:05:24.415150,418,27,56
2020-08-22 13:05:34.442182,418,27,56
2020-08-22 13:05:44.484511,418,27,56
2020-08-22 13:05:54.511512,418,27,56
2020-08-22 13:06:04.538480,419,27,56
2020-08-22 13:06:14.580552,419,27,56
2020-08-22 13:06:24.607524,419,27,56
2020-08-22 13:06:34.650040,419,27,56
2020-08-22 13:06:44.692484,420,27,56
2020-08-22 13:06:54.719473,419,27,56
2020-08-22 13:07:04.746470,419,27,56
2020-08-22 13:07:14.788867,419,27,56
2020-08-22 13:07:24.815866,418,27,56
2020-08-22 13:07:34.858268,419,27,56
2020-08-22 13:07:44.885225,420,27,56
2020-08-22 13:07:54.927536,420,27,56
2020-08-22 13:08:04.954556,419,27,56
2020-08-22 13:08:14.996628,420,27,56
2020-08-22 13:08:25.023614,419,27,56
2020-08-22 13:08:35.066042,419,27,56
2020-08-22 13:08:45.092984,420,27,56
2020-08-22 13:08:55.135361,420,27,56
2020-08-22 13:09:05.162390,419,27,56
2020-08-22 13:09:15.204873,418,27,56
2020-08-22 13:09:25.231870,417,27,56
2020-08-22 13:09:35.274275,417,27,56
2020-08-22 13:09:45.316889,416,27,56
2020-08-22 13:09:55.343879,415,27,56
2020-08-22 13:10:05.371088,414,27,56
2020-08-22 13:10:15.413176,415,27,56
2020-08-22 13:10:25.440200,415,27,56
2020-08-22 13:10:35.482569,416,27,56
2020-08-22 13:10:45.509677,417,27,56
2020-08-22 13:10:55.551766,417,27,56
2020-08-22 13:11:05.579119,417,27,56
2020-08-22 13:11:15.621522,417,27,56
2020-08-22 13:11:25.663871,417,27,56
2020-08-22 13:11:35.690703,416,27,56
2020-08-22 13:11:45.733140,416,27,56
2020-08-22 13:11:55.760456,417,27,56
2020-08-22 13:12:05.802712,417,27,56
2020-08-22 13:12:15.829626,418,27,56
2020-08-22 13:12:25.871721,418,28,56
2020-08-22 13:12:35.898873,418,28,56
2020-08-22 13:12:45.941064,418,28,55
2020-08-22 13:12:55.968114,419,28,55
2020-08-22 13:13:06.010288,419,28,55
2020-08-22 13:13:16.037432,418,28,55
2020-08-22 13:13:26.079614,418,28,55
2020-08-22 13:13:36.106618,417,28,55
2020-08-22 13:13:46.133561,417,28,55
2020-08-22 13:13:56.175874,418,28,55
2020-08-22 13:14:06.202915,418,28,55
2020-08-22 13:14:16.245006,417,28,55
2020-08-22 13:14:26.272022,418,28,55
2020-08-22 13:14:36.314499,419,28,55
2020-08-22 13:14:46.341503,419,28,55
2020-08-22 13:14:56.383911,418,28,55
2020-08-22 13:15:06.410827,418,28,55
2020-08-22 13:15:16.453270,418,28,55
2020-08-22 13:15:26.480211,418,28,55
2020-08-22 13:15:36.522528,416,28,55
2020-08-22 13:15:46.549545,415,28,55
2020-08-22 13:15:56.591967,416,28,55
2020-08-22 13:16:06.618906,415,28,55
2020-08-22 13:16:16.661252,415,28,55
2020-08-22 13:16:26.703680,414,28,55
2020-08-22 13:16:36.730732,413,28,55
2020-08-22 13:16:46.757901,413,28,55
2020-08-22 13:16:56.800172,413,28,55
2020-08-22 13:17:06.827229,414,28,55
2020-08-22 13:17:16.869340,416,28,55
2020-08-22 13:17:26.896416,416,28,55
2020-08-22 13:17:36.938708,416,28,55
2020-08-22 13:17:46.965811,418,28,55
2020-08-22 13:17:57.008024,419,27,55
2020-08-22 13:18:07.034942,420,27,55
2020-08-22 13:18:17.061896,419,27,55
2020-08-22 13:18:27.104063,419,27,55
2020-08-22 13:18:37.131122,420,27,55
2020-08-22 13:18:47.173266,418,27,55
2020-08-22 13:18:57.200124,417,28,55
2020-08-22 13:19:07.242402,418,28,55
2020-08-22 13:19:17.269541,417,28,55
2020-08-22 13:19:27.311847,417,28,55
2020-08-22 13:19:37.338732,416,28,55
2020-08-22 13:19:47.380972,415,28,55
2020-08-22 13:19:57.408047,414,28,55
2020-08-22 13:20:07.450472,414,28,55
2020-08-22 13:20:17.477390,415,28,55
2020-08-22 13:20:27.519608,414,28,55
2020-08-22 13:20:37.546906,415,28,55
2020-08-22 13:20:47.589049,415,28,55
2020-08-22 13:20:57.616179,417,28,55
2020-08-22 13:21:07.658457,417,28,55
2020-08-22 13:21:17.685367,417,28,55
2020-08-22 13:21:27.727685,417,28,55
2020-08-22 13:21:37.754618,415,28,55
2020-08-22 13:21:47.796988,415,28,55
2020-08-22 13:21:57.823955,414,28,55
2020-08-22 13:22:07.866250,415,28,55
2020-08-22 13:22:17.893026,416,28,55
2020-08-22 13:22:27.919911,415,28,55
2020-08-22 13:22:37.962299,415,28,55
2020-08-22 13:22:47.989220,416,28,55
2020-08-22 13:22:58.031632,415,28,55
2020-08-22 13:23:08.058677,415,28,55
2020-08-22 13:23:18.101187,414,28,55
2020-08-22 13:23:28.143492,414,28,55
2020-08-22 13:23:38.170540,413,28,55
2020-08-22 13:23:48.212982,413,28,55
2020-08-22 13:23:58.239970,412,28,55
2020-08-22 13:24:08.282256,413,28,55
2020-08-22 13:24:18.309280,413,28,55
2020-08-22 13:24:28.351526,414,28,55
2020-08-22 13:24:38.378478,413,28,55
2020-08-22 13:24:48.420702,415,28,55
2020-08-22 13:24:58.447694,410,28,55
2020-08-22 13:25:08.490063,415,28,55
2020-08-22 13:25:18.516999,413,28,55
2020-08-22 13:25:28.543843,413,28,55
2020-08-22 13:25:38.586343,413,28,55
2020-08-22 13:25:48.613225,412,28,55
2020-08-22 13:25:58.655531,410,28,55
2020-08-22 13:26:08.682396,409,28,55
2020-08-22 13:26:18.724658,410,28,54
2020-08-22 13:26:28.751559,410,28,55
2020-08-22 13:26:38.778547,411,28,54
2020-08-22 13:26:48.820807,410,28,54
2020-08-22 13:26:58.847849,410,28,55
2020-08-22 13:27:08.890283,410,28,54
2020-08-22 13:27:18.917232,409,28,55
2020-08-22 13:27:28.959589,409,28,55
2020-08-22 13:27:38.986739,410,28,55
2020-08-22 13:27:49.028947,411,28,55
2020-08-22 13:27:59.056065,411,28,55
2020-08-22 13:28:09.098517,411,28,55
2020-08-22 13:28:19.140692,411,28,55
2020-08-22 13:28:29.167765,411,28,55
2020-08-22 13:28:39.210162,411,28,54
2020-08-22 13:28:49.237139,410,28,54
2020-08-22 13:28:59.279522,412,28,54
2020-08-22 13:29:09.306671,412,28,54
2020-08-22 13:29:19.348930,413,28,54
2020-08-22 13:29:29.375963,413,28,54
2020-08-22 13:29:39.418363,413,28,54
2020-08-22 13:29:49.445300,415,28,54
2020-08-22 13:29:59.487671,415,28,54
2020-08-22 13:30:09.514595,414,28,54
2020-08-22 13:30:19.556882,414,28,54
2020-08-22 13:30:29.583682,414,28,54
2020-08-22 13:30:39.626210,412,28,54
2020-08-22 13:30:49.653036,412,28,54
2020-08-22 13:30:59.680009,411,28,54
2020-08-22 13:31:09.722307,411,28,54
2020-08-22 13:31:19.749090,411,28,54
2020-08-22 13:31:29.791632,411,28,54
2020-08-22 13:31:39.818631,411,28,54
2020-08-22 13:31:49.860854,409,28,54
2020-08-22 13:31:59.887926,410,28,54
2020-08-22 13:32:09.930399,411,28,54
2020-08-22 13:32:19.972650,411,28,54
2020-08-22 13:32:29.999637,411,28,54
2020-08-22 13:32:40.041965,412,28,54
2020-08-22 13:32:50.068836,412,28,54
2020-08-22 13:33:00.111219,412,28,54
2020-08-22 13:33:10.138355,412,28,54
2020-08-22 13:33:20.180604,413,28,54
2020-08-22 13:33:30.207637,412,28,54
2020-08-22 13:33:40.249954,411,28,54
2020-08-22 13:33:50.276954,411,28,54
2020-08-22 13:34:00.319381,412,28,54
2020-08-22 13:34:10.346073,411,28,54
2020-08-22 13:34:20.373041,412,28,54
2020-08-22 13:34:30.415358,412,28,54
2020-08-22 13:34:40.442155,413,28,54
2020-08-22 13:34:50.484507,412,28,54
2020-08-22 13:35:00.511526,412,28,53
2020-08-22 13:35:10.553824,412,28,53
2020-08-22 13:35:20.580709,413,28,53
2020-08-22 13:35:30.623077,412,28,53
2020-08-22 13:35:40.650037,412,28,53
2020-08-22 13:35:50.676985,412,28,53
2020-08-22 13:36:00.719332,413,28,53
2020-08-22 13:36:10.746179,412,28,53
2020-08-22 13:36:20.788388,413,28,53
2020-08-22 13:36:30.815293,413,28,53
2020-08-22 13:36:40.857554,414,28,53
2020-08-22 13:36:50.884495,414,28,53
2020-08-22 13:37:00.911462,414,28,53
2020-08-22 13:37:10.953764,414,28,53
2020-08-22 13:37:20.980664,414,28,53
2020-08-22 13:37:31.022995,415,28,53
2020-08-22 13:37:41.049928,415,28,53
2020-08-22 13:37:51.092318,415,28,53
2020-08-22 13:38:01.119295,414,28,53
2020-08-22 13:38:11.161399,414,28,53
2020-08-22 13:38:21.188390,415,28,53
2020-08-22 13:38:31.230694,415,28,53
2020-08-22 13:38:41.257765,414,28,53
2020-08-22 13:38:51.300166,414,28,53
2020-08-22 13:39:01.327156,414,28,53
2020-08-22 13:39:11.369446,412,28,53
2020-08-22 13:39:21.396485,412,28,53
2020-08-22 13:39:31.438771,413,29,53
2020-08-22 13:39:41.465742,413,29,53
2020-08-22 13:39:51.508124,413,28,53
2020-08-22 13:40:01.535090,412,29,53
2020-08-22 13:40:11.577210,411,29,53
2020-08-22 13:40:21.604159,410,29,53
2020-08-22 13:40:31.646418,410,29,53
2020-08-22 13:40:41.673289,410,29,53
2020-08-22 13:40:51.715643,411,29,53
2020-08-22 13:41:01.742969,411,29,53
2020-08-22 13:41:11.785051,410,29,53
2020-08-22 13:41:21.812182,410,28,53
2020-08-22 13:41:31.854282,410,28,53
2020-08-22 13:41:41.881463,409,28,53
2020-08-22 13:41:51.923728,410,28,53
2020-08-22 13:42:01.951173,409,28,53
2020-08-22 13:42:11.992908,408,28,53
2020-08-22 13:42:22.020217,408,28,53
2020-08-22 13:42:32.062053,411,28,53
2020-08-22 13:42:42.089321,411,28,53
2020-08-22 13:42:52.131422,410,28,53
2020-08-22 13:43:02.158697,410,28,53
2020-08-22 13:43:12.200733,409,28,53
2020-08-22 13:43:22.227867,409,28,53
2020-08-22 13:43:32.270049,408,28,53
2020-08-22 13:43:42.297262,408,28,53
2020-08-22 13:43:52.339505,408,28,53
2020-08-22 13:44:02.366788,409,28,53
2020-08-22 13:44:12.408626,408,28,53
2020-08-22 13:44:22.435583,408,28,53
2020-08-22 13:44:32.462607,408,29,53
2020-08-22 13:44:42.504617,409,29,53
2020-08-22 13:44:52.531624,409,29,53
2020-08-22 13:45:02.573815,410,29,53
2020-08-22 13:45:12.600747,410,29,53
2020-08-22 13:45:22.642943,408,29,53
2020-08-22 13:45:32.670009,408,29,53
2020-08-22 13:45:42.697045,407,29,53
2020-08-22 13:45:52.739246,408,29,53
2020-08-22 13:46:02.766788,407,29,53
2020-08-22 13:46:12.808454,407,29,53
2020-08-22 13:46:22.835513,407,29,53
2020-08-22 13:46:32.877603,407,29,53
2020-08-22 13:46:42.904702,407,29,53
2020-08-22 13:46:52.946682,406,29,53
2020-08-22 13:47:02.973799,406,29,53
2020-08-22 13:47:13.016079,407,29,53
2020-08-22 13:47:23.043152,408,29,53
2020-08-22 13:47:33.085303,408,29,53
2020-08-22 13:47:43.112435,408,29,52
2020-08-22 13:47:53.154686,409,29,52
2020-08-22 13:48:03.182037,412,29,53
2020-08-22 13:48:13.223674,413,29,52
2020-08-22 13:48:23.250637,412,29,52
2020-08-22 13:48:33.277775,411,29,52
2020-08-22 13:48:43.319873,410,29,53
2020-08-22 13:48:53.346949,411,29,53
2020-08-22 13:49:03.389163,411,29,53
2020-08-22 13:49:13.416288,411,29,53
2020-08-22 13:49:23.458570,412,29,53
2020-08-22 13:49:33.485526,412,29,53
2020-08-22 13:49:43.527690,412,29,53
2020-08-22 13:49:53.554939,413,29,53
2020-08-22 13:50:03.597285,411,29,52
2020-08-22 13:50:13.624216,411,29,52
2020-08-22 13:50:23.666358,411,29,52
2020-08-22 13:50:33.693347,410,29,52
2020-08-22 13:50:43.735434,410,29,52
2020-08-22 13:50:53.762632,409,29,52
2020-08-22 13:51:03.804659,409,29,52
2020-08-22 13:51:13.831815,410,29,52
2020-08-22 13:51:23.874079,410,29,52
2020-08-22 13:51:33.901185,410,29,51
2020-08-22 13:51:43.943321,411,29,51
2020-08-22 13:51:53.970374,411,29,52
2020-08-22 13:52:04.012474,411,29,52
2020-08-22 13:52:14.039432,410,29,52
2020-08-22 13:52:24.081687,410,29,52
2020-08-22 13:52:34.108668,411,29,51
2020-08-22 13:52:44.150926,411,29,51
2020-08-22 13:52:54.193361,412,29,52
2020-08-22 13:53:04.220505,412,29,52
2020-08-22 13:53:14.262787,412,29,52
2020-08-22 13:53:24.289879,412,29,52
2020-08-22 13:53:34.332213,412,29,52
2020-08-22 13:53:44.359206,411,29,52
2020-08-22 13:53:54.401361,411,29,52
2020-08-22 13:54:04.444410,412,29,52
2020-08-22 13:54:14.486559,412,29,52
2020-08-22 13:54:24.513548,411,29,52
2020-08-22 13:54:34.555698,411,29,52
2020-08-22 13:54:44.582671,411,29,52
2020-08-22 13:54:54.624957,411,29,52
2020-08-22 13:55:04.651807,411,29,52
2020-08-22 13:55:14.678703,410,29,52
2020-08-22 13:55:24.721008,410,29,52
2020-08-22 13:55:34.747964,409,29,52
2020-08-22 13:55:44.790283,409,29,52
2020-08-22 13:55:54.817154,408,29,52
2020-08-22 13:56:04.844060,409,29,52
2020-08-22 13:56:14.886322,409,29,52
2020-08-22 13:56:24.928620,409,29,52
2020-08-22 13:56:34.955484,409,29,52
2020-08-22 13:56:44.982445,408,29,52
2020-08-22 13:56:55.024733,409,29,52
2020-08-22 13:57:05.051573,408,29,52
2020-08-22 13:57:15.093832,407,29,52
2020-08-22 13:57:25.120776,408,29,52
2020-08-22 13:57:35.179060,409,29,52
2020-08-22 13:57:45.205974,409,29,52
2020-08-22 13:57:55.232857,408,29,52
2020-08-22 13:58:05.275211,408,29,52
2020-08-22 13:58:15.301967,408,29,52
2020-08-22 13:58:25.344175,408,29,52
2020-08-22 13:58:35.371039,409,29,51
2020-08-22 13:58:45.413329,409,29,51
2020-08-22 13:58:55.456171,409,29,51
2020-08-22 13:59:05.498992,410,29,51
2020-08-22 13:59:15.541726,410,29,51
2020-08-22 13:59:25.599881,410,29,51
2020-08-22 13:59:35.642729,410,29,51
2020-08-22 13:59:45.685358,410,29,51
2020-08-22 13:59:55.728082,411,29,52
2020-08-22 14:00:05.770695,410,29,52
2020-08-22 14:00:15.813401,411,29,52
2020-08-22 14:00:25.856044,410,29,52
2020-08-22 14:00:35.898851,410,29,52
2020-08-22 14:00:45.956890,411,29,52
2020-08-22 14:00:55.999664,411,29,52
2020-08-22 14:01:06.026896,411,29,52
2020-08-22 14:01:16.084863,410,29,52
2020-08-22 14:01:26.127681,411,29,52
2020-08-22 14:01:36.170511,410,29,52
2020-08-22 14:01:46.213315,411,29,52
2020-08-22 14:01:56.271428,411,29,52
2020-08-22 14:02:06.314185,411,29,52
2020-08-22 14:02:16.356822,410,29,52
2020-08-22 14:02:26.399509,410,29,52
2020-08-22 14:02:36.458068,410,29,52
2020-08-22 14:02:46.500791,410,29,52
2020-08-22 14:02:56.527690,410,29,52
2020-08-22 14:03:06.570454,410,29,51
2020-08-22 14:03:16.628629,409,29,51
2020-08-22 14:03:26.671504,410,29,51
2020-08-22 14:03:36.714241,410,29,51
2020-08-22 14:03:46.756852,411,29,51
2020-08-22 14:03:56.815144,411,29,51
2020-08-22 14:04:06.857884,411,29,51
2020-08-22 14:04:16.900469,411,29,51
2020-08-22 14:04:26.943304,411,29,51
2020-08-22 14:04:37.001532,412,29,51
2020-08-22 14:04:47.028495,411,29,51
2020-08-22 14:04:57.070808,410,29,51
2020-08-22 14:05:07.113690,410,29,51
2020-08-22 14:05:17.156056,410,29,51
2020-08-22 14:05:27.198956,410,29,51
2020-08-22 14:05:37.241859,410,29,51
2020-08-22 14:05:47.300128,410,29,51
2020-08-22 14:05:57.343093,412,29,51
2020-08-22 14:06:07.385699,413,29,51
2020-08-22 14:06:17.428530,413,29,51
2020-08-22 14:06:27.470870,413,29,51
2020-08-22 14:06:37.513703,414,29,51
2020-08-22 14:06:47.556342,413,29,51
2020-08-22 14:06:57.614665,414,29,51
2020-08-22 14:07:07.657656,413,29,51
2020-08-22 14:07:17.716222,412,29,51
2020-08-22 14:07:27.758779,413,29,51
2020-08-22 14:07:37.801560,412,29,50
2020-08-22 14:07:47.844478,412,29,51
2020-08-22 14:07:57.902553,412,29,51
2020-08-22 14:08:07.945311,414,29,50
2020-08-22 14:08:17.987867,415,29,50
2020-08-22 14:08:28.030365,414,29,50
2020-08-22 14:08:38.073228,414,29,50
2020-08-22 14:08:48.115883,413,29,50
2020-08-22 14:08:58.158639,413,29,50
2020-08-22 14:09:08.201325,413,29,50
2020-08-22 14:09:18.244092,414,29,50
2020-08-22 14:09:28.286746,413,29,50
2020-08-22 14:09:38.329351,414,29,50
2020-08-22 14:09:48.372060,414,29,50
2020-08-22 14:09:58.414737,414,29,50
2020-08-22 14:10:08.457208,413,29,50
2020-08-22 14:10:18.499730,413,29,50
2020-08-22 14:10:28.542633,412,29,50
2020-08-22 14:10:38.600590,412,29,50
2020-08-22 14:10:48.643255,412,29,50
2020-08-22 14:10:58.685879,413,29,50
2020-08-22 14:11:08.728522,414,29,50
2020-08-22 14:11:18.771230,415,29,50
2020-08-22 14:11:28.814068,415,29,50
2020-08-22 14:11:38.856805,415,29,50
2020-08-22 14:11:48.899662,414,29,50
2020-08-22 14:11:58.942351,414,29,50
2020-08-22 14:12:08.985006,413,29,50
2020-08-22 14:12:19.027467,414,29,50
2020-08-22 14:12:29.085667,412,29,50
2020-08-22 14:12:39.128763,412,29,50
2020-08-22 14:12:49.171477,412,29,50
2020-08-22 14:12:59.229536,412,29,50
2020-08-22 14:13:09.272404,411,29,50
2020-08-22 14:13:19.315226,410,29,49
2020-08-22 14:13:29.358188,409,29,49
2020-08-22 14:13:39.400723,409,29,49
2020-08-22 14:13:49.458841,409,29,49
2020-08-22 14:13:59.501516,410,29,49
2020-08-22 14:14:09.528676,410,29,49
2020-08-22 14:14:19.586780,412,29,49
2020-08-22 14:14:29.629620,413,29,49
2020-08-22 14:14:39.672617,413,29,49
2020-08-22 14:14:49.730786,412,29,49
2020-08-22 14:14:59.773653,411,29,49
2020-08-22 14:15:09.816452,411,29,49
2020-08-22 14:15:19.859105,412,30,49
2020-08-22 14:15:29.901865,412,29,49
2020-08-22 14:15:39.960090,412,29,49
2020-08-22 14:15:50.003071,412,29,49
2020-08-22 14:16:00.045876,412,30,49
2020-08-22 14:16:10.088418,412,30,49
2020-08-22 14:16:20.131164,413,30,49
2020-08-22 14:16:30.189361,414,30,49
2020-08-22 14:16:40.232148,414,30,49
2020-08-22 14:16:50.274982,415,30,49
2020-08-22 14:17:00.317809,415,30,49
2020-08-22 14:17:10.375967,415,30,49
2020-08-22 14:17:20.418781,415,30,49
2020-08-22 14:17:30.461484,414,30,49
2020-08-22 14:17:40.504279,414,30,49
2020-08-22 14:17:50.546967,414,30,49
2020-08-22 14:18:00.589906,415,30,49
2020-08-22 14:18:10.632327,416,30,48
2020-08-22 14:18:20.675108,416,30,49
2020-08-22 14:18:30.733257,414,30,49
2020-08-22 14:18:40.776143,415,30,49
2020-08-22 14:18:50.818804,416,30,49
2020-08-22 14:19:00.861532,416,30,49
2020-08-22 14:19:10.904027,416,30,48
2020-08-22 14:19:20.946868,416,30,48
2020-08-22 14:19:30.989507,416,30,49
2020-08-22 14:19:41.032340,415,30,49
2020-08-22 14:19:51.075046,414,30,49
2020-08-22 14:20:01.117756,414,30,48
2020-08-22 14:20:11.160221,414,30,48
2020-08-22 14:20:21.202926,415,30,48
2020-08-22 14:20:31.245533,415,30,48
2020-08-22 14:20:41.303885,416,30,48
2020-08-22 14:20:51.346494,415,30,48
2020-08-22 14:21:01.389421,414,30,48
2020-08-22 14:21:11.432120,414,30,48
2020-08-22 14:21:21.474767,414,30,48
2020-08-22 14:21:31.517325,414,30,48
2020-08-22 14:21:41.560020,414,30,48
2020-08-22 14:21:51.602863,414,30,48
2020-08-22 14:22:01.661049,414,30,48
2020-08-22 14:22:11.703509,414,30,48
2020-08-22 14:22:21.746344,414,30,48
2020-08-22 14:22:31.789021,415,30,48
2020-08-22 14:22:41.831777,415,30,48
2020-08-22 14:22:51.874442,414,30,48
2020-08-22 14:23:01.917260,414,30,48
2020-08-22 14:23:11.960116,414,30,48
2020-08-22 14:23:22.002888,412,30,48
2020-08-22 14:23:32.045495,412,30,48
2020-08-22 14:23:42.103590,412,30,48
2020-08-22 14:23:52.146331,413,30,48
2020-08-22 14:24:02.189222,413,30,48
2020-08-22 14:24:12.231632,412,30,48
2020-08-22 14:24:22.274508,411,30,48
2020-08-22 14:24:32.317150,412,30,48
2020-08-22 14:24:42.359811,413,30,47
2020-08-22 14:24:52.402490,413,30,48
2020-08-22 14:25:02.445197,413,30,47
2020-08-22 14:25:12.487644,414,30,47
2020-08-22 14:25:22.530381,416,30,47
2020-08-22 14:25:32.572831,416,30,47
2020-08-22 14:25:42.600221,417,30,47
2020-08-22 14:25:52.642723,417,30,47
2020-08-22 14:26:02.685287,419,30,47
2020-08-22 14:26:12.727687,419,30,47
2020-08-22 14:26:22.770332,419,30,47
2020-08-22 14:26:32.812832,418,30,47
2020-08-22 14:26:42.855390,419,30,47
2020-08-22 14:26:52.882543,419,30,47
2020-08-22 14:27:02.925147,419,30,47
2020-08-22 14:27:12.967676,419,30,47
2020-08-22 14:27:23.010201,419,30,47
2020-08-22 14:27:33.052701,419,30,47
2020-08-22 14:27:43.095280,419,30,48
2020-08-22 14:27:53.137874,417,30,47
2020-08-22 14:28:03.180448,417,30,47
2020-08-22 14:28:13.207525,416,30,47
2020-08-22 14:28:23.249977,417,30,48
2020-08-22 14:28:33.292579,417,30,48
2020-08-22 14:28:43.335179,418,30,48
2020-08-22 14:28:53.377723,418,30,48
2020-08-22 14:29:03.420382,418,30,48
2020-08-22 14:29:13.463022,419,30,48
2020-08-22 14:29:23.505568,418,30,48
2020-08-22 14:29:33.548180,418,30,48
2020-08-22 14:29:43.590807,418,30,48
2020-08-22 14:29:53.633694,417,30,48
2020-08-22 14:30:03.676261,416,30,48
2020-08-22 14:30:13.718746,417,30,48
2020-08-22 14:30:23.761359,418,30,47
2020-08-22 14:30:33.788512,418,30,47
2020-08-22 14:30:43.831139,418,30,47
2020-08-22 14:30:53.873712,418,30,47
2020-08-22 14:31:03.916322,419,30,47
2020-08-22 14:31:13.958898,418,30,47
2020-08-22 14:31:24.001503,419,30,47
2020-08-22 14:31:34.044076,418,30,47
2020-08-22 14:31:44.086669,417,30,48
2020-08-22 14:31:54.113832,418,30,48
2020-08-22 14:32:04.156548,419,30,48
2020-08-22 14:32:14.199034,419,30,48
2020-08-22 14:32:24.241679,419,30,48
2020-08-22 14:32:34.284075,419,30,48
2020-08-22 14:32:44.326637,421,30,48
2020-08-22 14:32:54.369180,421,30,48
2020-08-22 14:33:04.396424,421,30,48
2020-08-22 14:33:14.439112,423,30,48
2020-08-22 14:33:24.481625,423,30,48
2020-08-22 14:33:34.524256,424,30,48
2020-08-22 14:33:44.566935,423,30,48
2020-08-22 14:33:54.609462,423,30,48
2020-08-22 14:34:04.651999,423,30,48
2020-08-22 14:34:14.694509,423,30,48
2020-08-22 14:34:24.737120,425,30,48
2020-08-22 14:34:34.779716,424,30,48
2020-08-22 14:34:44.806945,423,30,48
2020-08-22 14:34:54.849558,422,30,48
2020-08-22 14:35:04.892178,422,30,48
2020-08-22 14:35:14.934740,422,30,47
2020-08-22 14:35:24.977513,421,30,47
2020-08-22 14:35:35.020077,419,30,47
2020-08-22 14:35:45.062591,420,30,47
2020-08-22 14:35:55.105245,420,30,48
2020-08-22 14:36:05.132575,420,30,48
2020-08-22 14:36:15.174964,419,30,48
2020-08-22 14:36:25.217617,419,30,47
2020-08-22 14:36:35.260114,419,30,48
2020-08-22 14:36:45.302782,420,30,48
2020-08-22 14:36:55.345386,420,30,48
2020-08-22 14:37:05.388033,421,30,48
2020-08-22 14:37:15.430592,420,30,47
2020-08-22 14:37:25.473296,420,30,48
2020-08-22 14:37:35.500547,420,30,48
2020-08-22 14:37:45.558634,420,30,48
2020-08-22 14:37:55.601331,420,30,48
2020-08-22 14:38:05.628646,420,30,47
2020-08-22 14:38:15.671199,418,30,47
2020-08-22 14:38:25.713714,418,30,47
2020-08-22 14:38:35.756387,419,30,47
2020-08-22 14:38:45.798971,418,30,47
2020-08-22 14:38:55.841577,418,30,47
2020-08-22 14:39:05.884138,417,30,47
2020-08-22 14:39:15.926733,416,30,47
2020-08-22 14:39:25.969410,415,30,47
2020-08-22 14:39:35.996657,416,30,47
2020-08-22 14:39:46.039272,416,30,47
2020-08-22 14:39:56.081875,417,30,47
2020-08-22 14:40:06.124526,416,30,47
2020-08-22 14:40:16.166970,414,30,47
2020-08-22 14:40:26.209586,415,30,47
2020-08-22 14:40:36.252133,415,30,46
2020-08-22 14:40:46.294766,414,30,47
2020-08-22 14:40:56.337362,413,30,47
2020-08-22 14:41:06.380046,412,30,47
2020-08-22 14:41:16.422754,412,30,47
2020-08-22 14:41:26.449948,413,30,47
2020-08-22 14:41:36.492528,413,30,47
2020-08-22 14:41:46.535102,412,30,47
2020-08-22 14:41:56.577806,413,30,47
2020-08-22 14:42:06.620283,412,30,47
2020-08-22 14:42:16.662911,413,30,47
2020-08-22 14:42:26.705452,414,30,47
2020-08-22 14:42:36.748076,413,30,46
2020-08-22 14:42:46.790713,413,30,47
2020-08-22 14:42:56.833364,412,30,47
2020-08-22 14:43:06.860596,411,30,47
2020-08-22 14:43:16.903186,410,30,47
2020-08-22 14:43:26.945778,410,30,47
2020-08-22 14:43:36.988396,411,30,46
2020-08-22 14:43:47.030935,408,30,46
2020-08-22 14:43:57.073588,408,30,46
2020-08-22 14:44:07.116108,407,30,46
2020-08-22 14:44:17.158567,408,30,46
2020-08-22 14:44:27.201205,407,30,46
2020-08-22 14:44:37.228447,407,30,46
2020-08-22 14:44:47.271049,405,30,46
2020-08-22 14:44:57.313734,405,30,46
2020-08-22 14:45:07.356291,404,30,46
2020-08-22 14:45:17.398884,405,30,46
2020-08-22 14:45:27.441487,404,30,46
2020-08-22 14:45:37.484098,403,30,46
2020-08-22 14:45:47.526791,405,30,46
2020-08-22 14:45:57.553984,404,30,46
2020-08-22 14:46:07.596615,404,30,46
2020-08-22 14:46:17.639103,404,30,46
2020-08-22 14:46:27.681607,404,30,46
2020-08-22 14:46:37.724147,405,30,46
2020-08-22 14:46:47.751605,403,30,46
2020-08-22 14:46:57.794151,403,30,46
2020-08-22 14:47:07.836676,403,30,46
2020-08-22 14:47:17.879338,404,31,46
2020-08-22 14:47:27.922011,404,31,46
2020-08-22 14:47:37.964532,404,31,46
2020-08-22 14:47:48.007268,404,31,46
2020-08-22 14:47:58.049806,404,31,46
2020-08-22 14:48:08.092316,405,31,47
2020-08-22 14:48:18.134838,405,31,46
2020-08-22 14:48:28.177602,406,31,47
2020-08-22 14:48:38.205012,407,31,47
2020-08-22 14:48:48.247466,407,31,47
2020-08-22 14:48:58.290203,407,31,47
2020-08-22 14:49:08.332802,407,31,47
2020-08-22 14:49:18.375465,408,31,47
2020-08-22 14:49:28.418040,409,31,47
2020-08-22 14:49:38.460682,409,31,47
2020-08-22 14:49:48.503273,408,31,46
2020-08-22 14:49:58.545994,409,31,46
2020-08-22 14:50:08.588516,409,31,46
2020-08-22 14:50:18.615738,407,31,46
2020-08-22 14:50:28.658536,408,31,46
2020-08-22 14:50:38.701164,408,31,46
2020-08-22 14:50:48.743747,408,31,45
2020-08-22 14:50:58.786521,409,31,45
2020-08-22 14:51:08.828978,409,31,46
2020-08-22 14:51:18.871716,410,31,46
2020-08-22 14:51:28.914367,409,31,46
2020-08-22 14:51:38.957009,408,31,46
2020-08-22 14:51:48.999608,408,31,46
2020-08-22 14:51:59.042368,408,31,46
2020-08-22 14:52:09.069507,409,31,46
2020-08-22 14:52:19.112093,409,31,45
2020-08-22 14:52:29.154695,410,31,46
2020-08-22 14:52:39.197142,410,31,45
2020-08-22 14:52:49.239794,410,31,45
2020-08-22 14:52:59.282413,409,31,45
2020-08-22 14:53:09.325049,410,31,45
2020-08-22 14:53:19.352337,410,31,45
2020-08-22 14:53:29.395025,410,31,45
2020-08-22 14:53:39.437561,413,31,45
2020-08-22 14:53:49.480198,414,31,45
2020-08-22 14:53:59.522727,415,31,44
2020-08-22 14:54:09.549982,414,31,44
2020-08-22 14:54:19.592437,414,31,45
2020-08-22 14:54:29.635025,415,31,45
2020-08-22 14:54:39.677608,415,31,45
2020-08-22 14:54:49.720169,415,31,45
2020-08-22 14:54:59.762717,415,31,45
2020-08-22 14:55:09.805391,417,31,45
2020-08-22 14:55:19.847913,416,31,45
2020-08-22 14:55:29.890593,416,31,46
2020-08-22 14:55:39.917815,417,31,45
2020-08-22 14:55:49.960394,415,31,45
2020-08-22 14:56:00.002913,414,31,45
2020-08-22 14:56:10.045370,413,31,45
2020-08-22 14:56:20.087951,413,31,45
2020-08-22 14:56:30.115155,413,31,45
2020-08-22 14:56:40.157689,413,31,45
2020-08-22 14:56:50.200225,414,31,45
2020-08-22 14:57:00.242788,415,31,45
2020-08-22 14:57:10.285403,415,31,46
2020-08-22 14:57:20.328037,416,31,45
2020-08-22 14:57:30.355211,415,31,46
2020-08-22 14:57:40.397871,414,31,46
2020-08-22 14:57:50.440453,415,31,45
2020-08-22 14:58:00.483121,412,31,45
2020-08-22 14:58:10.525528,412,31,45
2020-08-22 14:58:20.568137,410,31,46
2020-08-22 14:58:30.595309,410,31,46
2020-08-22 14:58:40.637966,410,31,45
2020-08-22 14:58:50.680542,410,31,45
2020-08-22 14:59:00.723259,409,31,46
2020-08-22 14:59:10.765727,410,31,45
2020-08-22 14:59:20.808334,410,31,45
2020-08-22 14:59:30.850980,409,31,45
2020-08-22 14:59:40.878280,409,31,46
2020-08-22 14:59:50.920757,408,31,45
2020-08-22 15:00:00.963453,409,31,45
2020-08-22 15:00:11.005866,409,31,45
2020-08-22 15:00:21.048544,409,31,45
2020-08-22 15:00:31.091209,410,31,45
2020-08-22 15:00:41.133882,410,31,46
2020-08-22 15:00:51.176581,409,31,45
2020-08-22 15:01:01.203837,409,31,45
2020-08-22 15:01:11.246457,410,31,45
2020-08-22 15:01:21.289029,410,31,45
2020-08-22 15:01:31.331607,410,31,46
2020-08-22 15:01:41.374347,410,31,45
2020-08-22 15:01:51.417026,410,31,45
2020-08-22 15:02:01.459566,410,31,46
2020-08-22 15:02:11.486808,409,31,45
2020-08-22 15:02:21.529274,410,31,45
2020-08-22 15:02:31.571881,410,31,45
2020-08-22 15:02:41.614400,409,31,45
2020-08-22 15:02:51.656988,410,31,45
2020-08-22 15:03:01.699675,411,31,45
2020-08-22 15:03:11.726747,412,31,45
2020-08-22 15:03:21.769325,412,31,45
2020-08-22 15:03:31.811975,412,31,45
2020-08-22 15:03:41.854689,412,31,45
2020-08-22 15:03:51.897306,411,31,45
2020-08-22 15:04:01.940002,412,31,45
2020-08-22 15:04:11.982361,411,31,45
2020-08-22 15:04:22.025005,412,31,45
2020-08-22 15:04:32.052192,414,31,44
2020-08-22 15:04:42.095029,412,31,45
2020-08-22 15:04:52.137484,412,31,45
2020-08-22 15:05:02.180192,412,31,45
2020-08-22 15:05:12.222610,411,31,45
2020-08-22 15:05:22.250043,411,31,45
2020-08-22 15:05:32.292537,412,31,45
2020-08-22 15:05:42.335146,412,31,45
2020-08-22 15:05:52.377650,412,31,45
2020-08-22 15:06:02.420423,412,31,44
2020-08-22 15:06:12.462792,412,31,44
2020-08-22 15:06:22.505226,412,31,45
2020-08-22 15:06:32.547824,413,31,45
2020-08-22 15:06:42.575211,413,31,45
2020-08-22 15:06:52.617745,414,31,45
2020-08-22 15:07:02.660397,414,31,45
2020-08-22 15:07:12.702949,414,31,45
2020-08-22 15:07:22.745610,415,31,45
2020-08-22 15:07:32.788521,415,31,45
2020-08-22 15:07:42.830964,417,31,45
2020-08-22 15:07:52.873547,418,31,45
2020-08-22 15:08:02.916250,419,31,45
2020-08-22 15:08:12.943452,419,31,45
2020-08-22 15:08:22.986153,419,31,44
2020-08-22 15:08:33.028490,420,31,45
2020-08-22 15:08:43.071146,419,31,45
2020-08-22 15:08:53.113910,419,31,44
2020-08-22 15:09:03.156550,418,31,44
2020-08-22 15:09:13.199210,417,31,45
2020-08-22 15:09:23.226500,417,31,44
2020-08-22 15:09:33.269107,416,31,44
2020-08-22 15:09:43.311799,416,32,45
2020-08-22 15:09:53.354488,416,32,45
2020-08-22 15:10:03.397328,416,32,45
2020-08-22 15:10:13.439713,416,32,45
2020-08-22 15:10:23.482392,416,32,45
2020-08-22 15:10:33.524933,416,32,45
2020-08-22 15:10:43.567641,415,32,45
2020-08-22 15:10:53.595007,415,32,44
2020-08-22 15:11:03.637693,415,32,45
2020-08-22 15:11:13.680402,414,32,45
2020-08-22 15:11:23.723215,414,32,44
2020-08-22 15:11:33.765706,413,32,44
2020-08-22 15:11:43.808319,412,32,44
2020-08-22 15:11:53.851084,412,32,44
2020-08-22 15:12:03.878477,412,32,44
2020-08-22 15:12:13.920780,412,32,44
2020-08-22 15:12:23.963468,412,32,43
2020-08-22 15:12:34.006014,413,32,43
2020-08-22 15:12:44.048749,414,32,43
2020-08-22 15:12:54.091357,414,32,44
2020-08-22 15:13:04.133890,415,32,43
2020-08-22 15:13:14.176636,416,32,44
2020-08-22 15:13:24.203785,417,32,44
2020-08-22 15:13:34.246392,417,31,44
2020-08-22 15:13:44.289048,416,31,44
2020-08-22 15:13:54.331597,416,31,44
2020-08-22 15:14:04.374326,415,31,44
2020-08-22 15:14:14.416614,415,31,44
2020-08-22 15:14:24.443803,415,31,44
2020-08-22 15:14:34.501739,414,31,44
2020-08-22 15:14:44.529002,414,31,44
2020-08-22 15:14:54.571677,414,31,44
2020-08-22 15:15:04.614259,413,31,44
2020-08-22 15:15:14.656916,413,32,44
2020-08-22 15:15:24.699533,413,32,44
2020-08-22 15:15:34.742261,413,32,44
2020-08-22 15:15:44.784825,413,32,44
2020-08-22 15:15:54.812017,413,32,44
2020-08-22 15:16:04.854737,413,32,44
2020-08-22 15:16:14.896998,413,32,44
2020-08-22 15:16:24.939656,413,32,44
2020-08-22 15:16:34.966788,412,32,44
2020-08-22 15:16:45.009572,413,32,44
2020-08-22 15:16:55.052210,413,32,44
2020-08-22 15:17:05.094750,414,32,44
2020-08-22 15:17:15.137370,414,32,44
2020-08-22 15:17:25.180000,414,32,44
2020-08-22 15:17:35.222532,414,32,44
2020-08-22 15:17:45.249863,415,32,44
2020-08-22 15:17:55.292516,414,32,44
2020-08-22 15:18:05.335148,414,32,45
2020-08-22 15:18:15.377712,415,32,44
2020-08-22 15:18:25.420279,415,32,44
2020-08-22 15:18:35.462830,415,32,44
2020-08-22 15:18:45.505399,416,32,43
2020-08-22 15:18:55.547983,417,32,44
2020-08-22 15:19:05.575269,417,32,44
2020-08-22 15:19:15.617867,416,32,43
2020-08-22 15:19:25.660341,416,32,44
2020-08-22 15:19:35.702994,417,32,44
2020-08-22 15:19:45.745574,417,32,44
2020-08-22 15:19:55.788249,416,32,44
2020-08-22 15:20:05.815548,416,32,44
2020-08-22 15:20:15.857995,417,32,44
2020-08-22 15:20:25.900563,416,32,44
2020-08-22 15:20:35.943182,416,32,44
2020-08-22 15:20:45.985772,416,32,43
2020-08-22 15:20:56.012982,416,32,44
2020-08-22 15:21:06.055545,415,32,43
2020-08-22 15:21:16.098333,415,32,43
2020-08-22 15:21:26.140887,415,32,44
2020-08-22 15:21:36.183490,415,32,43
2020-08-22 15:21:46.226043,416,32,43
2020-08-22 15:21:56.253346,416,32,43
2020-08-22 15:22:06.295930,417,32,43
2020-08-22 15:22:16.338529,417,32,44
2020-08-22 15:22:26.381218,416,32,44
2020-08-22 15:22:36.423759,416,32,44
2020-08-22 15:22:46.466477,416,32,44
2020-08-22 15:22:56.509040,417,32,44
2020-08-22 15:23:06.551692,417,32,44
2020-08-22 15:23:16.578908,415,32,44
2020-08-22 15:23:26.621544,415,32,43
2020-08-22 15:23:36.664208,415,32,43
2020-08-22 15:23:46.706893,415,32,43
2020-08-22 15:23:56.749632,415,32,42
2020-08-22 15:24:06.792013,415,32,42
2020-08-22 15:24:16.834486,415,32,43
2020-08-22 15:24:26.861754,416,32,43
2020-08-22 15:24:36.904392,416,32,43
2020-08-22 15:24:46.947054,416,32,43
2020-08-22 15:24:56.989516,416,32,44
2020-08-22 15:25:07.032138,416,32,43
2020-08-22 15:25:17.059390,416,32,43
2020-08-22 15:25:27.102136,416,32,43
2020-08-22 15:25:37.144748,416,32,43
2020-08-22 15:25:47.187323,416,32,43
2020-08-22 15:25:57.229898,415,32,43
2020-08-22 15:26:07.272511,415,32,44
2020-08-22 15:26:17.315029,414,32,43
2020-08-22 15:26:27.342301,414,32,43
2020-08-22 15:26:37.384889,414,32,43
2020-08-22 15:26:47.427515,412,32,43
2020-08-22 15:26:57.470214,413,32,43
2020-08-22 15:27:07.512771,412,32,43
2020-08-22 15:27:17.555398,412,32,43
2020-08-22 15:27:27.598056,412,32,43
2020-08-22 15:27:37.640805,412,32,43
2020-08-22 15:27:47.668012,413,32,43
2020-08-22 15:27:57.710733,413,32,43
2020-08-22 15:28:07.753221,414,32,43
2020-08-22 15:28:17.795829,413,32,43
2020-08-22 15:28:27.838438,412,32,43
2020-08-22 15:28:37.881053,411,32,43
2020-08-22 15:28:47.908417,411,32,43
2020-08-22 15:28:57.951143,412,32,43
2020-08-22 15:29:07.993777,411,32,43
2020-08-22 15:29:18.036579,410,32,43
2020-08-22 15:29:28.079102,409,32,43
2020-08-22 15:29:38.121814,409,32,43
2020-08-22 15:29:48.164356,409,32,43
2020-08-22 15:29:58.207051,408,32,43
2020-08-22 15:30:08.249589,407,32,42
2020-08-22 15:30:18.292304,407,32,42
2020-08-22 15:30:28.319518,408,32,43
2020-08-22 15:30:38.362245,408,32,43
2020-08-22 15:30:48.404961,408,32,44
2020-08-22 15:30:58.447602,408,32,43
2020-08-22 15:31:08.490315,407,32,43
2020-08-22 15:31:18.532834,407,32,43
2020-08-22 15:31:28.575485,407,32,43
2020-08-22 15:31:38.618300,407,32,44
2020-08-22 15:31:48.661031,406,32,44
2020-08-22 15:31:58.688399,406,32,43
2020-08-22 15:32:08.730854,406,32,43
2020-08-22 15:32:18.773390,406,32,43
2020-08-22 15:32:28.816167,406,32,43
2020-08-22 15:32:38.858831,406,32,43
2020-08-22 15:32:48.901469,406,32,42
2020-08-22 15:32:58.928795,406,32,42
2020-08-22 15:33:08.971499,408,32,42
2020-08-22 15:33:19.014238,409,32,42
2020-08-22 15:33:29.056867,409,32,42
2020-08-22 15:33:39.099443,409,32,42
2020-08-22 15:33:49.142005,410,32,42
2020-08-22 15:33:59.184554,410,32,42
2020-08-22 15:34:09.227276,410,32,42
2020-08-22 15:34:19.254630,410,32,42
2020-08-22 15:34:29.297169,410,32,42
2020-08-22 15:34:39.339746,410,32,42
2020-08-22 15:34:49.382447,411,32,43
2020-08-22 15:34:59.425023,409,32,43
2020-08-22 15:35:09.467671,408,32,43
2020-08-22 15:35:19.494880,408,32,43
2020-08-22 15:35:29.537441,408,32,42
2020-08-22 15:35:39.579977,408,32,43
2020-08-22 15:35:49.622520,408,32,43
2020-08-22 15:35:59.649620,408,32,43
2020-08-22 15:36:09.692110,408,32,43
2020-08-22 15:36:19.734738,408,32,43
2020-08-22 15:36:29.777278,409,32,43
2020-08-22 15:36:39.819806,408,32,43
2020-08-22 15:36:49.847045,408,32,43
2020-08-22 15:36:59.889694,409,32,42
2020-08-22 15:37:09.932135,408,32,42
2020-08-22 15:37:19.974756,409,32,42
2020-08-22 15:37:30.017386,408,32,42
2020-08-22 15:37:40.060132,410,32,42
2020-08-22 15:37:50.087396,409,32,42
2020-08-22 15:38:00.129909,408,32,43
2020-08-22 15:38:10.172455,407,32,43
2020-08-22 15:38:20.215097,407,32,43
2020-08-22 15:38:30.257611,408,32,43
2020-08-22 15:38:40.284773,408,32,42
2020-08-22 15:38:50.327333,408,32,42
2020-08-22 15:39:00.369852,406,32,43
2020-08-22 15:39:10.412409,406,32,43
2020-08-22 15:39:20.439534,406,32,43
2020-08-22 15:39:30.482132,405,32,43
2020-08-22 15:39:40.524874,406,32,42
2020-08-22 15:39:50.567274,405,32,42
2020-08-22 15:40:00.594437,405,32,43
2020-08-22 15:40:10.636791,406,32,42
2020-08-22 15:40:20.679423,407,32,42
2020-08-22 15:40:30.721912,407,32,42
2020-08-22 15:40:40.749141,407,32,42
2020-08-22 15:40:50.791738,406,32,42
2020-08-22 15:41:00.834384,406,32,42
2020-08-22 15:41:10.876864,406,32,42
2020-08-22 15:41:20.919463,405,32,42
2020-08-22 15:41:30.946723,406,32,42
2020-08-22 15:41:40.989235,406,32,42
2020-08-22 15:41:51.031926,407,32,42
2020-08-22 15:42:01.074492,406,32,42
2020-08-22 15:42:11.116947,406,32,42
2020-08-22 15:42:21.159607,405,32,42
2020-08-22 15:42:31.186859,405,32,42
2020-08-22 15:42:41.229476,404,32,42
2020-08-22 15:42:51.272165,403,32,42
2020-08-22 15:43:01.314647,403,32,42
2020-08-22 15:43:11.357272,404,32,42
2020-08-22 15:43:21.384506,403,32,43
2020-08-22 15:43:31.427105,404,32,42
2020-08-22 15:43:41.469798,404,32,42
2020-08-22 15:43:51.512553,404,32,43
2020-08-22 15:44:01.555219,405,32,43
2020-08-22 15:44:11.597609,406,32,42
2020-08-22 15:44:21.640251,406,32,42
2020-08-22 15:44:31.682867,406,32,42
2020-08-22 15:44:41.710049,406,32,42
2020-08-22 15:44:51.752625,407,32,42
2020-08-22 15:45:01.795407,408,32,42
2020-08-22 15:45:11.837827,408,32,42
2020-08-22 15:45:21.865042,409,32,42
2020-08-22 15:45:31.907832,408,32,42
2020-08-22 15:45:41.950416,408,32,42
2020-08-22 15:45:51.992953,409,32,42
2020-08-22 15:46:02.035567,410,32,43
2020-08-22 15:46:12.063052,411,32,42
2020-08-22 15:46:22.105593,412,32,42
2020-08-22 15:46:32.148179,411,32,42
2020-08-22 15:46:42.190776,410,32,42
2020-08-22 15:46:52.233251,410,32,42
2020-08-22 15:47:02.275941,411,32,42
2020-08-22 15:47:12.303465,411,32,43
2020-08-22 15:47:22.346199,412,32,42
2020-08-22 15:47:32.388765,411,32,43
2020-08-22 15:47:42.431671,411,32,43
2020-08-22 15:47:52.474547,411,32,42
2020-08-22 15:48:02.517097,410,32,42
2020-08-22 15:48:12.559436,410,33,42
2020-08-22 15:48:22.602164,410,33,42
2020-08-22 15:48:32.629719,410,33,42
2020-08-22 15:48:42.672289,409,33,42
2020-08-22 15:48:52.714902,409,33,42
2020-08-22 15:49:02.757424,410,33,42
2020-08-22 15:49:12.800067,411,33,42
2020-08-22 15:49:22.842719,411,33,42
2020-08-22 15:49:32.885445,411,33,42
2020-08-22 15:49:42.928220,411,33,42
2020-08-22 15:49:52.955602,411,33,42
2020-08-22 15:50:02.998356,412,33,42
2020-08-22 15:50:13.040787,412,33,42
2020-08-22 15:50:23.083466,411,33,42
2020-08-22 15:50:33.126010,410,33,42
2020-08-22 15:50:43.153345,410,33,41
2020-08-22 15:50:53.195812,409,33,41
2020-08-22 15:51:03.238519,408,33,41
2020-08-22 15:51:13.281112,408,33,41
2020-08-22 15:51:23.308370,409,33,41
2020-08-22 15:51:33.351055,410,33,42
2020-08-22 15:51:43.393741,411,33,42
2020-08-22 15:51:53.436380,411,33,42
2020-08-22 15:52:03.479120,411,33,41
2020-08-22 15:52:13.521581,410,33,41
2020-08-22 15:52:23.548802,410,33,41
2020-08-22 15:52:33.591458,411,33,41
2020-08-22 15:52:43.634162,412,33,41
2020-08-22 15:52:53.676764,412,33,41
2020-08-22 15:53:03.719367,412,33,41
2020-08-22 15:53:13.762043,412,33,42
2020-08-22 15:53:23.789396,411,33,42
2020-08-22 15:53:33.831994,411,33,42
2020-08-22 15:53:43.874800,411,33,42
2020-08-22 15:53:53.917352,412,33,42
2020-08-22 15:54:03.960027,412,33,42
2020-08-22 15:54:14.002525,412,33,42
2020-08-22 15:54:24.029738,411,33,42
2020-08-22 15:54:34.072365,409,33,42
2020-08-22 15:54:44.114975,409,33,42
2020-08-22 15:54:54.157578,409,33,42
2020-08-22 15:55:04.184781,410,33,42
2020-08-22 15:55:14.227248,408,33,42
2020-08-22 15:55:24.269952,409,33,42
2020-08-22 15:55:34.312589,409,33,42
2020-08-22 15:55:44.355218,409,33,42
2020-08-22 15:55:54.382508,410,33,41
2020-08-22 15:56:04.425042,411,33,41
2020-08-22 15:56:14.467437,411,33,42
2020-08-22 15:56:24.510151,411,33,42
2020-08-22 15:56:34.552738,412,33,41
2020-08-22 15:56:44.579907,411,33,41
2020-08-22 15:56:54.622618,410,33,41
2020-08-22 15:57:04.665160,411,33,41
2020-08-22 15:57:14.707660,412,33,41
2020-08-22 15:57:24.734871,413,33,41
2020-08-22 15:57:34.777390,413,33,42
2020-08-22 15:57:44.820040,413,33,41
2020-08-22 15:57:54.862742,414,33,41
2020-08-22 15:58:04.905184,414,33,41
2020-08-22 15:58:14.932344,412,33,41
2020-08-22 15:58:24.975010,413,32,41
2020-08-22 15:58:35.017492,413,33,41
2020-08-22 15:58:45.060175,413,33,41
2020-08-22 15:58:55.102749,413,33,41
2020-08-22 15:59:05.129961,414,32,42
2020-08-22 15:59:15.172591,415,32,42
2020-08-22 15:59:25.215211,414,32,42
2020-08-22 15:59:35.257830,414,32,42
2020-08-22 15:59:45.300391,413,32,42
2020-08-22 15:59:55.343051,412,32,42
2020-08-22 16:00:05.370347,412,32,42
2020-08-22 16:00:15.412683,411,32,42
2020-08-22 16:00:25.455338,412,32,42
2020-08-22 16:00:35.482512,412,32,42
2020-08-22 16:00:45.525148,412,32,42
2020-08-22 16:00:55.567633,412,32,42
2020-08-22 16:01:05.610245,412,32,42
2020-08-22 16:01:15.637486,411,32,42
2020-08-22 16:01:25.695575,410,32,42
2020-08-22 16:01:35.722925,409,32,42
2020-08-22 16:01:45.765469,409,33,42
2020-08-22 16:01:55.808123,409,33,42
2020-08-22 16:02:05.850677,408,33,41
2020-08-22 16:02:15.893221,407,33,41
2020-08-22 16:02:25.920571,408,33,42
2020-08-22 16:02:35.963267,407,33,42
2020-08-22 16:02:46.005866,407,33,42
2020-08-22 16:02:56.048596,407,33,42
2020-08-22 16:03:06.091142,409,33,41
2020-08-22 16:03:16.118514,409,33,42
2020-08-22 16:03:26.161195,409,33,42
2020-08-22 16:03:36.203671,410,33,42
2020-08-22 16:03:46.246398,409,33,42
2020-08-22 16:03:56.289014,408,33,42
2020-08-22 16:04:06.331513,408,33,42
2020-08-22 16:04:16.358904,408,33,41
2020-08-22 16:04:26.401350,410,33,41
2020-08-22 16:04:36.444018,411,33,41
2020-08-22 16:04:46.486644,413,33,41
2020-08-22 16:04:56.529258,412,33,41
2020-08-22 16:05:06.556943,412,33,41
2020-08-22 16:05:16.599399,413,33,41
2020-08-22 16:05:26.642018,412,33,41
2020-08-22 16:05:36.684656,411,33,41
2020-08-22 16:05:46.711866,412,33,41
2020-08-22 16:05:56.754432,411,33,41
2020-08-22 16:06:06.796894,411,33,41
2020-08-22 16:06:16.839257,412,33,41
2020-08-22 16:06:26.881789,413,33,41
2020-08-22 16:06:36.909312,413,33,41
2020-08-22 16:06:46.951921,411,33,41
2020-08-22 16:06:56.994511,411,33,42
2020-08-22 16:07:07.036940,407,33,42
2020-08-22 16:07:17.079606,408,33,42
2020-08-22 16:07:27.107036,413,33,42
2020-08-22 16:07:37.149806,412,33,42
2020-08-22 16:07:47.192296,409,33,41
2020-08-22 16:07:57.234901,410,33,41
2020-08-22 16:08:07.277317,409,33,42
2020-08-22 16:08:17.304943,411,33,42
2020-08-22 16:08:27.347551,409,33,42
2020-08-22 16:08:37.390229,412,33,42
2020-08-22 16:08:47.432816,412,33,42
2020-08-22 16:08:57.475371,410,33,41
2020-08-22 16:09:07.518126,412,33,42
2020-08-22 16:09:17.545544,410,33,42
2020-08-22 16:09:27.588061,410,33,41
2020-08-22 16:09:37.630762,409,33,40
2020-08-22 16:09:47.673157,411,33,41
2020-08-22 16:09:57.700594,411,33,40
2020-08-22 16:10:07.742893,412,33,41
2020-08-22 16:10:17.785469,412,33,41
2020-08-22 16:10:27.828088,412,33,41
2020-08-22 16:10:37.870721,412,33,41
2020-08-22 16:10:47.913277,412,33,41
2020-08-22 16:10:57.940662,412,33,41
2020-08-22 16:11:07.983226,412,33,40
2020-08-22 16:11:18.025863,412,33,40
2020-08-22 16:11:28.068562,412,33,40
2020-08-22 16:11:38.111293,412,33,41
2020-08-22 16:11:48.153834,411,33,41
2020-08-22 16:11:58.181111,411,33,41
2020-08-22 16:12:08.223555,410,33,41
2020-08-22 16:12:18.266209,409,33,41
2020-08-22 16:12:28.308809,409,33,41
2020-08-22 16:12:38.335994,407,33,41
2020-08-22 16:12:48.378492,407,33,41
2020-08-22 16:12:58.421153,407,33,41
2020-08-22 16:13:08.463791,407,33,41
2020-08-22 16:13:18.490948,407,33,41
2020-08-22 16:13:28.533569,406,33,41
2020-08-22 16:13:38.576328,407,33,42
2020-08-22 16:13:48.618909,407,33,42
2020-08-22 16:13:58.661518,407,33,41
2020-08-22 16:14:08.688836,407,33,40
2020-08-22 16:14:18.731474,406,33,41
2020-08-22 16:14:28.774052,407,33,40
2020-08-22 16:14:38.816579,408,33,40
2020-08-22 16:14:48.859176,408,33,40
2020-08-22 16:14:58.886552,410,33,41
2020-08-22 16:15:08.929044,411,33,40
2020-08-22 16:15:18.971678,411,33,41
2020-08-22 16:15:29.014402,410,33,41
2020-08-22 16:15:39.057111,411,33,41
2020-08-22 16:15:49.099868,411,33,41
2020-08-22 16:15:59.142472,412,33,41
2020-08-22 16:16:09.169668,413,33,41
2020-08-22 16:16:19.212182,413,33,41
2020-08-22 16:16:29.254884,414,33,42
2020-08-22 16:16:39.297474,413,33,41
2020-08-22 16:16:49.340154,412,33,41
2020-08-22 16:16:59.382854,411,33,41
2020-08-22 16:17:09.410066,410,33,40
2020-08-22 16:17:19.452625,409,33,40
2020-08-22 16:17:29.495310,409,33,41
2020-08-22 16:17:39.538008,408,33,41
2020-08-22 16:17:49.580668,409,33,41
2020-08-22 16:17:59.607845,408,33,40
